top_img,brand,productname,rating,body,like_count,upload_at,views,comment,comment_picture,파워리뷰,com_count,com_date,comment_rating,urlss,ruser,rusername,ruserskin_type,ruserskin_tone,rucount,usercard,introduction
default,GLOW Recipe,수박 글로우 슬리핑 마스크 (Watermelon  + AHA glow sleeping mask,3.5,"<div class=""content"">
<div class=""resources"">
<div class=""resource"">
<figure class=""image"">
<img alt=""선물 받아서 사용해 본 슬리핑 마스크팩 리뷰 가지고 왔어요~

 외국 세포라 에서는 인기있는 아이템 이라고 하는데 한국에서는 아직 입점 안했다고 해요~ㅠㅠ 

30ml 에 가격은 22달러 라고 나와있네용 
용기가 무게감 있어서 맘에 들었어요 유리? 재질에 잘못 떨구면 깨질꺼 같은느낌ㅋㅋㅋㅋ 이뻐서 다 사용하고 나서도 안버릴꺼 같아요 "" src=""https://d33ur1yh5ph6b5.cloudfront.net/8b09d252-a7e1-4bc9-991d-48e6a237b92c-mid""/>
</figure>
<div class=""description"">선물 받아서 사용해 본 슬리핑 마스크팩 리뷰 가지고 왔어요~

 외국 세포라 에서는 인기있는 아이템 이라고 하는데 한국에서는 아직 입점 안했다고 해요~ㅠㅠ 

30ml 에 가격은 22달러 라고 나와있네용 
용기가 무게감 있어서 맘에 들었어요 유리? 재질에 잘못 떨구면 깨질꺼 같은느낌ㅋㅋㅋㅋ 이뻐서 다 사용하고 나서도 안버릴꺼 같아요</div>
</div>
<div class=""resource"">
<figure class=""image"">
<img alt=""제형 자체가 굉장히 묽어서 흐르는 슬라임 같아요 
미끌거릴 정도로 수분감이 정말 많고 약하게 두드려 주면 금방 흡수가 되서 좋았어요 "" src=""https://d33ur1yh5ph6b5.cloudfront.net/74a26de2-db44-4549-bde4-093b87cbce02-mid""/>
</figure>
<div class=""description"">제형 자체가 굉장히 묽어서 흐르는 슬라임 같아요 
미끌거릴 정도로 수분감이 정말 많고 약하게 두드려 주면 금방 흡수가 되서 좋았어요</div>
</div>
<div class=""resource"">
<figure class=""image"">
<img alt=""음 일단 향기가 굉장히 좋았어요 달달한데 상쾌한 느낌
사용방법은 2가지 방법이 있어요
1.  자기 전 슬리핑 마스크로
2. 워시오프 마스크로 10분정도 사용해주시고 미온수로 씻어내 주시면 되요 - 씻을때 미끌미끌 거려서 좀 한참 씻었어요 ㅋㅋㅋ "" src=""https://d33ur1yh5ph6b5.cloudfront.net/4766e5cd-f226-4fa7-9bb5-5470b413e786-mid""/>
</figure>
<div class=""description"">음 일단 향기가 굉장히 좋았어요 달달한데 상쾌한 느낌
사용방법은 2가지 방법이 있어요
1.  자기 전 슬리핑 마스크로
2. 워시오프 마스크로 10분정도 사용해주시고 미온수로 씻어내 주시면 되요 - 씻을때 미끌미끌 거려서 좀 한참 씻었어요 ㅋㅋㅋ</div>
</div>
<div class=""resource"">
<figure class=""image"">
<img alt=""사용하고 어느정도 흡수가 되고 마른 뒤에는 얼굴에 손대면 밀려요 약간 막이 씌였는데 그게 밀린다고 해야되나?ㅠㅠ 
그래서 저는 정말 자기 직전에 사용하거나 시간 많으면  씻고나와서 사용해 주고 다시 10~ 분 뒤에 세안해 주고 스킨케어 다시해주는 방식으로 사용중에 있어요"" src=""https://d33ur1yh5ph6b5.cloudfront.net/5870bf96-dba3-4cbe-86fe-7b7a30d389fc-mid""/>
</figure>
<div class=""description"">사용하고 어느정도 흡수가 되고 마른 뒤에는 얼굴에 손대면 밀려요 약간 막이 씌였는데 그게 밀린다고 해야되나?ㅠㅠ 
그래서 저는 정말 자기 직전에 사용하거나 시간 많으면  씻고나와서 사용해 주고 다시 10~ 분 뒤에 세안해 주고 스킨케어 다시해주는 방식으로 사용중에 있어요</div>
</div>
<div class=""resource"">
<div class=""text"">선물 받은 거지만 재구매는 안할꺼 같아요 뭔가 사용했던 슬리핑팩보다 와 엄청 좋다 라는 메리트가 없었어요 ㅠ
정말 솔직하게 이 가격이면 저렴한 브랜드꺼 2~3 구매하는게 더 좋다고 생각했어요 ㅠ</div>
</div>
</div>
</div>",1,17분 전,조회 4,[],[],"[['클리덤', '닥터락토 배리어 크림 토너'], ['8X4', '에어리 퍼퓸 데오 미스트 [N°6]'], ['8X4', '에어리 퍼퓸 데오 미스트 [N°8]'], ['오드리선', '오드리선 TCF 더블코어 [중형]'], ['페리페라', '잉크 블랙 카라 [볼륨컬링]']]","['9', '1', '25', '13', '0', '48', '13', '0', '17', '11', '0', '98', '12', '0', '37']","['2020.04.07', '2020.03.15', '2020.03.15', '2020.03.05', '2020.02.28']","['5.0', '5.0', '5.0', '5.0', '4.0']","['https://d33ur1yh5ph6b5.cloudfront.net/62e958ff-f7f6-4904-9bc9-07b832ed94f3-thumbnail', 'https://d33ur1yh5ph6b5.cloudfront.net/8a3450bf-1ee2-412d-a9d5-ce2cae105ed3-thumbnail', 'https://d33ur1yh5ph6b5.cloudfront.net/afc10895-1944-4f4e-982e-23e9583fe1ee-thumbnail', 'https://d33ur1yh5ph6b5.cloudfront.net/52e500eb-a982-476b-a924-22cda8a7a88f-thumbnail', 'https://d33ur1yh5ph6b5.cloudfront.net/03b8013c-b840-4ec2-94eb-a21708bd14bc-thumbnail']",https://d33ur1yh5ph6b5.cloudfront.net/6d7b0249-2073-4545-9359-b2d9f3012af7-thumbnail,뭇별,건성,21호,"[' 44', ' 230', ' 2.1k']",https://d33ur1yh5ph6b5.cloudfront.net/1179edf5-30ab-44ff-9d85-3843766961d7,20대후반 건성인의 리뷰
https://d33ur1yh5ph6b5.cloudfront.net/c4c2ee0f-f345-4398-b710-c524297082d4-thumbnail,자이엘,S.O.S 레드 칙 케어팩,4.0,"<div class=""content"">
<div class=""resources"">
<div class=""resource"">
<figure class=""image"">
<img alt=""안냐세영 오늘은 #언파박스 를 통해 받은 #자이엘 #S.O.S레드칙케어팩 리뷰입니다!
"" src=""https://d33ur1yh5ph6b5.cloudfront.net/1c785b29-fc52-47c7-b575-73f6e2ccd236-mid""/>
</figure>
<div class=""description"">안냐세영 오늘은 <span class=""unpa-tag hash"">#언파박스</span> 를 통해 받은 <span class=""unpa-tag hash"">#자이엘</span> <span class=""unpa-tag hash"">#S</span>.O.S레드칙케어팩 리뷰입니다!</div>
</div>
<div class=""resource"">
<figure class=""image"">
<img alt=""사용법과 성분표 입니다!
저는 아침 출근준비할때 사용했는데 양볼에 붙이고 머리 말린 후에 떼고 화장 시작하면 딱 좋았어요~! 머리말리는동안 얼굴 건조해지기 쉽잖아요ㅠㅠ"" src=""https://d33ur1yh5ph6b5.cloudfront.net/2b3d9c8e-70fd-4716-a8d1-72252a0dcff9-mid""/>
</figure>
<div class=""description"">사용법과 성분표 입니다!
저는 아침 출근준비할때 사용했는데 양볼에 붙이고 머리 말린 후에 떼고 화장 시작하면 딱 좋았어요~! 머리말리는동안 얼굴 건조해지기 쉽잖아요ㅠㅠ</div>
</div>
<div class=""resource"">
<figure class=""image"">
<img alt=""사용전입니다!"" src=""https://d33ur1yh5ph6b5.cloudfront.net/d6b011ee-cf6f-4dac-bed6-792b4f1bfb56-mid""/>
</figure>
<div class=""description"">사용전입니다!</div>
</div>
<div class=""resource"">
<figure class=""image"">
<img alt=""한봉지를 까면 두장이들어있구요! 생각보다 안에 에센스양이 많아서 놀랬어요!
양볼에 붙인 후 남은 에센스는 이마나 턱부분에 발라주어도 충분한 양이었습니당ㅎㅎ"" src=""https://d33ur1yh5ph6b5.cloudfront.net/a057de72-bf3f-41b3-9e90-98fef6dd4ca8-mid""/>
</figure>
<div class=""description"">한봉지를 까면 두장이들어있구요! 생각보다 안에 에센스양이 많아서 놀랬어요!
양볼에 붙인 후 남은 에센스는 이마나 턱부분에 발라주어도 충분한 양이었습니당ㅎㅎ</div>
</div>
<div class=""resource"">
<figure class=""image"">
<img alt=""15분정도 붙인 후 떼고 남은 에센스는 두드려서 흡수시켜줬어요! 전 건성이고 촉촉한 기초케어를 좋아하는데 가벼운 기초케어나 매트한 메이크업을 좋아하시는분들은 조금 무겁다고 생각하실순 있을것같아요!

바쁜아침에 빠른 기초케어로는 최고였습니당!"" src=""https://d33ur1yh5ph6b5.cloudfront.net/9b35eb00-abf1-46b9-9219-d055f7b4e687-mid""/>
</figure>
<div class=""description"">15분정도 붙인 후 떼고 남은 에센스는 두드려서 흡수시켜줬어요! 전 건성이고 촉촉한 기초케어를 좋아하는데 가벼운 기초케어나 매트한 메이크업을 좋아하시는분들은 조금 무겁다고 생각하실순 있을것같아요!

바쁜아침에 빠른 기초케어로는 최고였습니당!</div>
</div>
</div>
<div class=""ad_warning"">
<span class=""title"">이 리뷰는 언니의 파우치를 통해 해당 브랜드에서<br/>제품 또는 서비스를 제공 받아 작성된 글입니다.</span>
</div>
</div>",0,18분 전,조회 3,[],[],"[['라네즈', '크림 스킨 미스트'], ['언파 코스메틱', '차차 핸드크리너'], ['라운드랩', '자작나무 수분 크림'], ['롬앤(rom&nd)', '글래스팅 워터 틴트 [03 브릭리버]'], ['라네즈', '워터뱅크 하이드로 에센스']]","['0', '0', '3', '4', '0', '18', '5', '0', '18', '36', '6', '2.0k', '9', '0', '59']","['28분 전', '2020.04.24', '2020.04.16', '2020.04.02', '2020.04.02']","['5.0', '5.0', '5.0', '5.0', '5.0']","['https://d33ur1yh5ph6b5.cloudfront.net/4cd780ef-432d-4180-affc-114bb53b4705-thumbnail', 'https://d33ur1yh5ph6b5.cloudfront.net/1bd7c93d-724b-4b7b-aa26-37a736257264-thumbnail', 'https://d33ur1yh5ph6b5.cloudfront.net/10c43beb-5c7d-4ec1-bb7d-2529405338b8-thumbnail', 'https://d33ur1yh5ph6b5.cloudfront.net/869eca9f-16b5-4b1b-b9b3-5f32384dbd9f-thumbnail', 'https://d33ur1yh5ph6b5.cloudfront.net/6117046b-aec8-430f-b86b-bbe69b42cb47-thumbnail']",default,꼬밍디,건성,23호,"[' 4', ' 13', ' 111']",https://d33ur1yh5ph6b5.cloudfront.net/f1a890f1-14ad-42da-8a0a-3f6db15d262d,입력하신 자기 소개글이 없습니다
https://d33ur1yh5ph6b5.cloudfront.net/72fd9289-aa95-46b6-acc6-58c265af91c7-thumbnail,이니스프리,스키니 커버핏 쿠션 [리필],3.5,"<div class=""content"">
<div class=""resources"">
<div class=""resource"">
<figure class=""image"">
<img src=""https://d33ur1yh5ph6b5.cloudfront.net/919b1ff3-8b1e-44a7-a725-6363f6550f3e-mid""/>
</figure>
</div>
<div class=""resource"">
<figure class=""image"">
<img src=""https://d33ur1yh5ph6b5.cloudfront.net/05967efc-555b-4bb8-b44d-4ada63c6ca24-mid""/>
</figure>
</div>
<div class=""resource"">
<figure class=""image"">
<img src=""https://d33ur1yh5ph6b5.cloudfront.net/e86e0121-da60-4404-94f8-41e9f8a82933-mid""/>
</figure>
</div>
<div class=""resource"">
<div class=""text"">이니스프리 스키니 커버핏 쿠션_21호 네추럴 베이지
건성이신분께는 건조해요!ㅠ 
지성이신분께는 조금 유분기가 있어서 뜰수도 있는데 전 팩트 덮으면 유분기 싹 사라지더라구요☺️
양은 다른 쿠션들에 비해 조금 아쉬운 느낌이였어요 (너무 좋아서 그런거일수도 있구요😅)
제가 피부톤이 23호라 그런지 양조절 잘못하면 얼굴만 붕 뜨더라구요ㅠㅠ 이 쿠션은 자기 피부톤에 맞게 사는게 딱 적당했어요🙃
향은 이니스프리라 그런지 거부감 없는 향이지만 민감하신 분들은 조금 머리아플 향이에요😢
가성비 좋고 학생 쿠션으로 좋은 딱 적당한 쿠션이였습니다❤️</div>
</div>
</div>
</div>",0,28분 전,조회 13,[],[],[],[],[],[],[],default,요즘다이어트해야돼요,중성,23호,"[' 0', ' 1', ' 0']",https://d33ur1yh5ph6b5.cloudfront.net/d97eef71-ce1d-47fd-b3e1-57f9b9c9f3a9,입력하신 자기 소개글이 없습니다
https://d33ur1yh5ph6b5.cloudfront.net/4d436357-801e-47c7-b050-7b914bb0f7ee-thumbnail,라네즈,크림 스킨 미스트,5.0,"<div class=""content"">
<div class=""resources"">
<div class=""resource"">
<figure class=""image"">
<img alt=""안냐세여 오늘은 #언파박스 를 통해 받은 #라네즈 #크림스킨미스트 리뷰입니다😊"" src=""https://d33ur1yh5ph6b5.cloudfront.net/ce236b7e-edaa-4a4d-bab6-2815e885f10c-mid""/>
</figure>
<div class=""description"">안냐세여 오늘은 <span class=""unpa-tag hash"">#언파박스</span> 를 통해 받은 <span class=""unpa-tag hash"">#라네즈</span> <span class=""unpa-tag hash"">#크림스킨미스트</span> 리뷰입니다😊</div>
</div>
<div class=""resource"">
<figure class=""image"">
<img alt=""라네즈 크림스킨은 말안해도 유명한거 아시져?
말그대로 크림과 스킨을 합쳐놓은 느낌의 미스트에요~~!"" src=""https://d33ur1yh5ph6b5.cloudfront.net/2c75bb01-1c7d-4421-a2dc-d0add9defbe7-mid""/>
</figure>
<div class=""description"">라네즈 크림스킨은 말안해도 유명한거 아시져?
말그대로 크림과 스킨을 합쳐놓은 느낌의 미스트에요~~!</div>
</div>
<div class=""resource"">
<figure class=""image"">
<img alt=""손등에 한번 뿌려 보았는데요
보통 미스트는 뿌린 직후엔 촉촉하지만 금새 말라서 건조해지곤 하는데 크림스킨 미스트를 뿌린 손등은 촉촉한거 보이시죵?"" src=""https://d33ur1yh5ph6b5.cloudfront.net/299d3391-06e8-4261-ba0f-550a9e48c9b5-mid""/>
</figure>
<div class=""description"">손등에 한번 뿌려 보았는데요
보통 미스트는 뿌린 직후엔 촉촉하지만 금새 말라서 건조해지곤 하는데 크림스킨 미스트를 뿌린 손등은 촉촉한거 보이시죵?</div>
</div>
<div class=""resource"">
<figure class=""image"">
<img alt=""세안후 아무것도 바르지 않은 모습입니다"" src=""https://d33ur1yh5ph6b5.cloudfront.net/474b073c-dd83-413d-b997-54d8b04f7daf-mid""/>
</figure>
<div class=""description"">세안후 아무것도 바르지 않은 모습입니다</div>
</div>
<div class=""resource"">
<figure class=""image"">
<img alt=""미스트 뿌리고 손으로 찹찹 두들겨 줫어요!
보기에도 촉촉하고 실제로도  피부에 수분막이 한층 생긴 느낌? 입니다! 건성뷴들께 추천드려욥!!👏🏻👏🏻"" src=""https://d33ur1yh5ph6b5.cloudfront.net/92362210-1527-4ed2-832f-10eb192a72d6-mid""/>
</figure>
<div class=""description"">미스트 뿌리고 손으로 찹찹 두들겨 줫어요!
보기에도 촉촉하고 실제로도  피부에 수분막이 한층 생긴 느낌? 입니다! 건성뷴들께 추천드려욥!!👏🏻👏🏻</div>
</div>
</div>
<div class=""ad_warning"">
<span class=""title"">이 리뷰는 언니의 파우치를 통해 해당 브랜드에서<br/>제품 또는 서비스를 제공 받아 작성된 글입니다.</span>
</div>
</div>",0,28분 전,조회 3,[],[],"[['자이엘', 'S.O.S 레드 칙 케어팩'], ['언파 코스메틱', '차차 핸드크리너'], ['라운드랩', '자작나무 수분 크림'], ['롬앤(rom&nd)', '글래스팅 워터 틴트 [03 브릭리버]'], ['라네즈', '워터뱅크 하이드로 에센스']]","['0', '0', '3', '4', '0', '18', '5', '0', '18', '36', '6', '2.0k', '9', '0', '59']","['19분 전', '2020.04.24', '2020.04.16', '2020.04.02', '2020.04.02']","['4.0', '5.0', '5.0', '5.0', '5.0']","['https://d33ur1yh5ph6b5.cloudfront.net/1c785b29-fc52-47c7-b575-73f6e2ccd236-thumbnail', 'https://d33ur1yh5ph6b5.cloudfront.net/1bd7c93d-724b-4b7b-aa26-37a736257264-thumbnail', 'https://d33ur1yh5ph6b5.cloudfront.net/10c43beb-5c7d-4ec1-bb7d-2529405338b8-thumbnail', 'https://d33ur1yh5ph6b5.cloudfront.net/869eca9f-16b5-4b1b-b9b3-5f32384dbd9f-thumbnail', 'https://d33ur1yh5ph6b5.cloudfront.net/6117046b-aec8-430f-b86b-bbe69b42cb47-thumbnail']",default,꼬밍디,건성,23호,"[' 4', ' 13', ' 111']",https://d33ur1yh5ph6b5.cloudfront.net/f1a890f1-14ad-42da-8a0a-3f6db15d262d,입력하신 자기 소개글이 없습니다
https://d33ur1yh5ph6b5.cloudfront.net/141da2c5-ba0c-456d-a51f-e7a9ec40814a-thumbnail,릴리바이레드,무드 라이어 벨벳 틴트 [04 그윽한홍시인척],4.0,"<div class=""content"">
<div class=""resources"">
<div class=""resource"">
<figure class=""image"">
<img src=""https://d33ur1yh5ph6b5.cloudfront.net/b58fa3d2-d160-4b2e-9aaf-c70cf827a4ee-mid""/>
</figure>
</div>
<div class=""resource"">
<div class=""text"">이 그윽한 홍시인척 틴트는 가을 웜 뮤트님들게 잘어울리실거 같아요 😻💖 발색샷과 착색은 이렇구용</div>
</div>
<div class=""resource"">
<figure class=""image"">
<img src=""https://d33ur1yh5ph6b5.cloudfront.net/fac14418-9318-4d0d-935c-91716e45e7c5-mid""/>
</figure>
</div>
<div class=""resource"">
<div class=""text"">아이폰11 기본카메라 입니당 !!</div>
</div>
<div class=""resource"">
<figure class=""image"">
<img alt=""실제 입술에 발색하면 이래용 정말 이쁘니 가을 웜 분들 추천드려요 ✨✨ 참고로 좀 연하게 발라서 그렇지 실제로 풀 립으로 바르시면 완전 쨍하실꺼예요😉"" src=""https://d33ur1yh5ph6b5.cloudfront.net/1adb4273-0146-456d-9eee-f71b27df628a-mid""/>
</figure>
<div class=""description"">실제 입술에 발색하면 이래용 정말 이쁘니 가을 웜 분들 추천드려요 ✨✨ 참고로 좀 연하게 발라서 그렇지 실제로 풀 립으로 바르시면 완전 쨍하실꺼예요😉</div>
</div>
</div>
</div>",0,30분 전,조회 12,[],[],[],[],[],[],[],https://d33ur1yh5ph6b5.cloudfront.net/4EBBA513-99E4-4265-8353-F4D50F0FE309-thumbnail,은수꿍,지성,23호,"[' 3', ' 2', ' 0']",https://d33ur1yh5ph6b5.cloudfront.net/ead569aa-ea86-40a0-a762-e6888d4eb45c,맞팔해용❤️❤️
default,토니모리,프롬 강화 맑은 약쑥 퍼스트 에센스,5.0,"<div class=""content"">
<div class=""resources"">
<div class=""resource"">
<figure class=""image"">
<img src=""https://d33ur1yh5ph6b5.cloudfront.net/b666b54d-4a61-4282-b235-e4e8c36364dd-mid""/>
</figure>
</div>
<div class=""resource"">
<figure class=""image"">
<img src=""https://d33ur1yh5ph6b5.cloudfront.net/661d1026-b972-43e5-b357-e5c4936d7c78-mid""/>
</figure>
</div>
<div class=""resource"">
<div class=""text"">완전 여드름 피부 진정에 엄청 좋아요 !! 쑥으로만 만든거라서 더 믿음스러워요 !!</div>
</div>
</div>
</div>",0,36분 전,조회 8,[],[],"[['쓰리컨셉아이즈(3CE)', '무드레시피 멀티 아이컬러 팔레트 [스무더]']]","['1', '2', '35']",['54분 전'],['5.0'],['https://d33ur1yh5ph6b5.cloudfront.net/ff570924-5447-46cb-95c2-b9622de85ffa-thumbnail'],https://d33ur1yh5ph6b5.cloudfront.net/477B26EA-4984-4CFD-8D8E-BC60D5D41036-thumbnail,msh96959695,복합성,21호,"[' 0', ' 2', ' 1']",https://d33ur1yh5ph6b5.cloudfront.net/d97eef71-ce1d-47fd-b3e1-57f9b9c9f3a9,입력하신 자기 소개글이 없습니다
https://d33ur1yh5ph6b5.cloudfront.net/f882d9cf-004f-4b13-bc1d-f09a16bf4f98-thumbnail,쓰리컨셉아이즈(3CE),무드레시피 멀티 아이컬러 팔레트 [스무더],5.0,"<div class=""content"">
<div class=""resources"">
<div class=""resource"">
<figure class=""image"">
<img src=""https://d33ur1yh5ph6b5.cloudfront.net/9868d059-5595-4552-917a-5aeb1eb3cd0b-mid""/>
</figure>
</div>
<div class=""resource"">
<figure class=""image"">
<img src=""https://d33ur1yh5ph6b5.cloudfront.net/2336ad13-1f10-4cae-8eda-84687f8e28ca-mid""/>
</figure>
</div>
<div class=""resource"">
<div class=""text"">데일리로 쓸려고 샀는데 진짜 완전 맘에 들어요 근데 .. 넘 비싸요 ㅜㅠㅜㅠㅠ. 😭 근데 쫌 시간지나면 색이 연해져요 .. 
 
장점 : 데일리로 좋고 웜톤이 쓰기 좋음 

단점 : 비싸고 시간이 지나면 색이 흐릿 ? 해져요..</div>
</div>
</div>
</div>",1,54분 전,조회 35,"[['대이', '33분 전', '1', '설명이 너무 부족해요. 더 자세하게 써 주시면 좋겠어요.'], ['msh96959695', '28분 전', '1', '@대이 네 감사합니다 !']]","['https://d33ur1yh5ph6b5.cloudfront.net/38FB25E2-D5ED-43F7-80F3-023789B1C49E-thumbnail', 'https://d33ur1yh5ph6b5.cloudfront.net/477B26EA-4984-4CFD-8D8E-BC60D5D41036-thumbnail']",[],[],[],[],[],https://d33ur1yh5ph6b5.cloudfront.net/477B26EA-4984-4CFD-8D8E-BC60D5D41036-thumbnail,msh96959695,복합성,21호,"[' 0', ' 2', ' 1']",https://d33ur1yh5ph6b5.cloudfront.net/d97eef71-ce1d-47fd-b3e1-57f9b9c9f3a9,입력하신 자기 소개글이 없습니다
https://d33ur1yh5ph6b5.cloudfront.net/4d1adbf5-3a5e-11e4-a530-06530c0000b4-thumbnail,투쿨포스쿨,아트클래스 바이 로댕,4.5,"<div class=""content"">
<div class=""resources"">
<div class=""resource"">
<figure class=""image"">
<img alt="""" src=""https://d33ur1yh5ph6b5.cloudfront.net/4db7b7b3-3694-480c-9979-ce12dcd0954e-mid""/>
</figure>
<div class=""description""></div>
</div>
<div class=""resource"">
<figure class=""image"">
<img alt="""" src=""https://d33ur1yh5ph6b5.cloudfront.net/443f1c6e-8f27-4e33-83c7-a2b6669bcf76-mid""/>
</figure>
<div class=""description""></div>
</div>
<div class=""resource"">
<div class=""text"">발색은 그렇게 진하지는 않고요.좀 빤짝거립니다.그리고 브러쉬로 하면 정말 많이 안묻어 나와서 자연스럽습니다.
뭔가 투명 메이크업 이랑 잘 어울리더라고요.저는 추천합니다!

장점:브러쉬에 은은하게 발색됨

단점:트러블이 좀 난다.(개인차)

총 평: 추천👍🏻</div>
</div>
</div>
</div>",3,1시간 전,조회 29,[],[],"[['이니스프리', '제주 왕벚꽃 톤업 크림']]","['3', '3', '26']",['1시간 전'],['4.0'],['https://d33ur1yh5ph6b5.cloudfront.net/dbe89c2c-90a4-4009-97f7-35b49e7a1e5c-thumbnail'],default,꼬꼬스프,건성,21호,"[' 0', ' 2', ' 6']",https://d33ur1yh5ph6b5.cloudfront.net/f1a890f1-14ad-42da-8a0a-3f6db15d262d,피드백 진짜 좋아해요!
default,에뛰드 하우스,베이크 하우스,5.0,"<div class=""content"">
<div class=""resources"">
<div class=""resource"">
<figure class=""image"">
<img src=""https://d33ur1yh5ph6b5.cloudfront.net/35d1b520-ac09-40f1-aad3-19e626e5679c-mid""/>
</figure>
</div>
<div class=""resource"">
<figure class=""image"">
<img src=""https://d33ur1yh5ph6b5.cloudfront.net/5ce00414-e8e1-48fb-be54-c2cc999663c2-mid""/>
</figure>
</div>
<div class=""resource"">
<figure class=""image"">
<img src=""https://d33ur1yh5ph6b5.cloudfront.net/03b1fa2b-cec5-4d46-b504-8749ae5c357b-mid""/>
</figure>
</div>
<div class=""resource"">
<figure class=""image"">
<img alt=""저번에 사고 리뷰를 지금 올리는데 일단 첫번째 사진은 겉에 모양이고요 . 2번째 , 3번째 사진은 어떤 구성인지
4번째 사진은 발색이에요 . "" src=""https://d33ur1yh5ph6b5.cloudfront.net/2a4dc5d2-e014-48d1-8bd1-cb0749f6ccc6-mid""/>
</figure>
<div class=""description"">저번에 사고 리뷰를 지금 올리는데 일단 첫번째 사진은 겉에 모양이고요 . 2번째 , 3번째 사진은 어떤 구성인지
4번째 사진은 발색이에요 .</div>
</div>
<div class=""resource"">
<div class=""text"">일단 1번째에 있던 슈가러스크 는 글리터 느낌이 많이나요 .
2번째 까페라떼 우유많이 는 기본 베이스로 깔기 좋은 색감이에요 .
3번째 솔솔 말린 솔방울은 언더나 베이스 위에 덧발르기 좋은 것 같아요 .

4번째 통기타 여신 은 생각보다 펄이 강하지 않아서 연하게 바르기 좋더라구요

5번째 시나몬 페이스트리 는 펄이 강해서 정말 반짝반짝 거린다는 느낌을 받으실 수 있는데 화장하다보면 꽤 많이 쓰게되는 색이에요 .

6번째 크림치즈 베이글 은 눈에 바르면 거의 안보여요 .
         저같은 경우엔 까페라떼랑 섞어서 쓰고 있는데 이 색도           그냥 베이스라고 생각하시면 되요 .

7번째 해변에서 코코넛 이 색은 데일리로도 많이 쓰이고 어떤 색이 든지 잘 어울려서 애용하고 있는 색이에요 .

8번째 미니 카눌레 는 사진에 나온것 보다 살짝 더 진해요 . 언더로 바르기 적당하고 눈꼬리에 살짝 씩 펴 발라 주어도 괜찮더라구요 .

9번째 솔티 브라우니 는 팔도 많이는 강하지 않은데 색도 진해서 저는 언더나 꼬리 쪽에 아주 살짝 씩만 발라 주어요 .

10번째  아몬드 크루아상은 팔도 연하고 잔잔한데 색도 데일리로 안성맞춤 이라 괜찮은 색이에요 .


마지막 전체적인 소감 . 베이크 하우스는 정말 데일리를 위해서 태어난 쉐도우 같았어요 하나같이 색이 조합이 잘 맞고 개성도 뚜렷해서 사고 나서도 뿌듯해 했단 쉐도우 였던 것 같아요 .</div>
</div>
</div>
</div>",5,1시간 전,조회 25,"[['꼬꼬스프', '1시간 전', '0', '알차게 리뷰 써주셔서 도움이 됐어요👍🏻'], ['과제밀린년', '1시간 전', '1', '@꼬꼬스프 도움이 됬다니 다행이네요 !']]","['default', 'https://d33ur1yh5ph6b5.cloudfront.net/117AE90D-033E-4201-8CAC-9EB38E236EE0-thumbnail']",[],[],[],[],[],https://d33ur1yh5ph6b5.cloudfront.net/117AE90D-033E-4201-8CAC-9EB38E236EE0-thumbnail,과제밀린년,"
                    미입력
                ","
                    미입력
                ","[' 0', ' 1', ' 5']",https://d33ur1yh5ph6b5.cloudfront.net/d97eef71-ce1d-47fd-b3e1-57f9b9c9f3a9,입력하신 자기 소개글이 없습니다
https://d33ur1yh5ph6b5.cloudfront.net/76a35bfa-45af-4624-949d-47648f34e786-thumbnail,아임미미,아임 틱톡 틴트 립 캐시미어 [007 마이킨다코랄],4.5,"<div class=""content"">
<div class=""resources"">
<div class=""resource"">
<figure class=""image"">
<img alt=""저는 1호를 가지고 있어요ㅎ"" src=""https://d33ur1yh5ph6b5.cloudfront.net/eba2ea7d-3df1-4096-92e5-3fc30d3941cc-mid""/>
</figure>
<div class=""description"">저는 1호를 가지고 있어요ㅎ</div>
</div>
<div class=""resource"">
<figure class=""image"">
<img alt=""Never Expect 라고 적혀있습니다ㅎ"" src=""https://d33ur1yh5ph6b5.cloudfront.net/f99ef35c-e5d2-4f32-9ebf-6e6305e9a3b8-mid""/>
</figure>
<div class=""description"">Never Expect 라고 적혀있습니다ㅎ</div>
</div>
<div class=""resource"">
<figure class=""image"">
<img alt=""Lucky 라고 적혀있습니다ㅎ"" src=""https://d33ur1yh5ph6b5.cloudfront.net/51de4530-41c7-4ea3-bae3-f4ae2962ad86-mid""/>
</figure>
<div class=""description"">Lucky 라고 적혀있습니다ㅎ</div>
</div>
<div class=""resource"">
<figure class=""image"">
<img alt=""색감이 예쁘고 좋아요ㅎ"" src=""https://d33ur1yh5ph6b5.cloudfront.net/e7094b93-1aab-4ea3-8367-ed4e608aeff3-mid""/>
</figure>
<div class=""description"">색감이 예쁘고 좋아요ㅎ</div>
</div>
<div class=""resource"">
<figure class=""image"">
<img alt=""이런 색들이 있어요ㅎ"" src=""https://d33ur1yh5ph6b5.cloudfront.net/06119ab2-60c9-4632-b5e2-9e079f0749a4-mid""/>
</figure>
<div class=""description"">이런 색들이 있어요ㅎ</div>
</div>
<div class=""resource"">
<div class=""text"">저는 추천할께요ㅎ</div>
</div>
</div>
</div>",3,1시간 전,조회 28,"[['시흔이', '1시간 전', '1', '색깔 이쁜가요? 가루날림이 있나요? 저도 살려고 하는뎀..'], ['기은찡이다', '1시간 전', '1', '@시흔이 살짝 날리구요 색깔이 정말예뻐요! 전 올리브영에서 샀어요ㅎ']]","['https://d33ur1yh5ph6b5.cloudfront.net/4c8b3f4e-31d7-489e-8141-35139f093b0d-thumbnail', 'https://d33ur1yh5ph6b5.cloudfront.net/a5c5c672-a912-49b8-a185-71ae12be676f-thumbnail']",[],[],[],[],[],https://d33ur1yh5ph6b5.cloudfront.net/a5c5c672-a912-49b8-a185-71ae12be676f-thumbnail,기은찡이다,중성,21호,"[' 0', ' 1', ' 3']",https://d33ur1yh5ph6b5.cloudfront.net/f1a890f1-14ad-42da-8a0a-3f6db15d262d,입력하신 자기 소개글이 없습니다
https://d33ur1yh5ph6b5.cloudfront.net/ac3705c2-3ff3-4b5a-b221-f03f654f1a23-thumbnail,미멜로디,바이탈 포메그레닛 에센스,5.0,"<div class=""content"">
<div class=""resources"">
<div class=""resource"">
<div class=""text"">🏷 미:멜로디 바이탈 포메그레닛 에센스
⠀
지복합인 저란 아이는 마스크로 인한
수분 가뭄현상으로 얼굴 안색은 칙칙하고 건조한데
이상하게 기름기만 맨돌맨돌 돌고있는 기현상을
경험 중이에요. 그래서 이 사태를 해결하고자
⠀
석류추출물이 듬뿍들어간
🌹미:멜로디 에센스를 발견
⠀
석류추출물이 함유되어 칙칙한 얼굴에 생기부여를
주고 수분공급을 즉각 되고 ! 바로 흡수되어 메이크업 전에도 들뜸 걱정없이 사용하기 좋은 아이템이에요
바르면 청량감이 느껴져요~
⠀
에센스보다는 좀 더 콧물제형의 토너 느낌이에요
가벼운 토너나 에센스를 선호하시는 분들에게
추천드려요 (✿◠‿◠)
⠀
⠀
⠀
🏷바이탈 포메그레닛 에센스

🍑끈적임 없이 빠르게 흡수
🍑빠르게 흡수되어 즉각 수분보충
🍑메이크업의 들뜸도 No
🍑석류추출물이 함유되어 피부의생기와 윤기 부여
.
.
.
<span class=""unpa-tag hash"">#각질필링패드</span><span class=""unpa-tag hash"">#필링패드</span> <span class=""unpa-tag hash"">#토너패드</span> <span class=""unpa-tag hash"">#석류필링패드</span> <span class=""unpa-tag hash"">#필링패드추천</span> <span class=""unpa-tag hash"">#미멜로디</span> <span class=""unpa-tag hash"">#memelody</span>#<span class=""unpa-tag hash"">#motd</span> <span class=""unpa-tag hash"">#코덕스타그램</span> <span class=""unpa-tag hash"">#코덕</span> <span class=""unpa-tag hash"">#코덕맞팔</span> <span class=""unpa-tag hash"">#코덕일상</span> <span class=""unpa-tag hash"">#코덕소통</span> <span class=""unpa-tag hash"">#좋아요</span> <span class=""unpa-tag hash"">#인스타데일리beauty</span><span class=""unpa-tag hash"">#kbeauty</span><span class=""unpa-tag hash"">#뷰스타그램</span><span class=""unpa-tag hash"">#화장품</span><span class=""unpa-tag hash"">#化粧品</span><span class=""unpa-tag hash"">#化妆</span><span class=""unpa-tag hash"">#メーキャップ</span>.</div>
</div>
<div class=""resource"">
<figure class=""image"">
<img src=""https://d33ur1yh5ph6b5.cloudfront.net/7139f87e-f587-4524-b011-9bd1912e8e1a-mid""/>
</figure>
</div>
<div class=""resource"">
<div class=""text""></div>
</div>
<div class=""resource"">
<figure class=""image"">
<img src=""https://d33ur1yh5ph6b5.cloudfront.net/bfbb9298-fe14-4f7a-8d67-7d0018aeaeb3-mid""/>
</figure>
</div>
<div class=""resource"">
<div class=""text""></div>
</div>
<div class=""resource"">
<figure class=""image"">
<img src=""https://d33ur1yh5ph6b5.cloudfront.net/602d1870-8fee-4e35-8869-3439ba25f0b9-mid""/>
</figure>
</div>
<div class=""resource"">
<div class=""text""></div>
</div>
<div class=""resource"">
<figure class=""image"">
<img src=""https://d33ur1yh5ph6b5.cloudfront.net/7673819d-924c-4bd0-b6dd-c589b72e1892-mid""/>
</figure>
</div>
<div class=""resource"">
<div class=""text""></div>
</div>
<div class=""resource"">
<figure class=""image"">
<img src=""https://d33ur1yh5ph6b5.cloudfront.net/46cb4e6d-1797-4dee-88e1-c57e516eeb37-mid""/>
</figure>
</div>
</div>
</div>",2,1시간 전,조회 19,[],[],"[['문샷', '크림페인트 스테인핏 [써머 선셋]'], ['릴리바이레드', '러브 타로 블러셔 팔레트 [02 위시 유 쿨]'], ['문샷', '퓨어 레이어드 팔레트 [라이블리 코랄]']]","['7', '1', '16', '6', '0', '16', '6', '0', '13']","['2020.04.13', '2020.04.13', '2020.04.13']","['5.0', '5.0', '5.0']","['https://d33ur1yh5ph6b5.cloudfront.net/03f125f2-2017-4f7e-928a-db2d15440f1b-thumbnail', 'https://d33ur1yh5ph6b5.cloudfront.net/54317d66-c974-4c67-a19f-257e61359833-thumbnail', 'https://d33ur1yh5ph6b5.cloudfront.net/f9f3786d-9bab-4039-9b0e-1461d4a8ef22-thumbnail']",https://d33ur1yh5ph6b5.cloudfront.net/7379C609-F04B-4370-BF12-AAD9CCF61BCA-thumbnail,m_i__y,복합성,23호,"[' 0', ' 6', ' 22']",https://d33ur1yh5ph6b5.cloudfront.net/8ce84915-6f06-4c08-97b2-07d6fb11096e,입력하신 자기 소개글이 없습니다
https://d33ur1yh5ph6b5.cloudfront.net/6c359f10-bb20-449f-bc99-02c76628c987-thumbnail,언파 코스메틱,차차 핸드크리너,5.0,"<div class=""content"">
<div class=""resources"">
<div class=""resource"">
<div class=""text"">오늘은 <span class=""unpa-tag hash"">#언파이벤트</span> 로 <span class=""unpa-tag hash"">#언파박스</span> 가 당첨이 되어 
그 구성품 중 하나인 <span class=""unpa-tag hash"">#언파코스메틱</span> 의 
<span class=""unpa-tag hash"">#차차핸드크리너</span> 제품을 리뷰해 보려고 해요 ! 

이 핸드크리너 제품은 흔히 <span class=""unpa-tag hash"">#손소독제</span> 라고 많이 불리는 손에 발라 소독을 해주는 <span class=""unpa-tag hash"">#젤</span> 타입의 소독제품 입니다 !! 

<span class=""unpa-tag hash"">#코로나19</span> 확산으로 인하여 <span class=""unpa-tag hash"">#위생관리</span> 에 
더욱 신경써야하는 요즘 !


대용량으로 구매하여 소분해 사용하는 경우가 많지만
이 제품은 <span class=""unpa-tag hash"">#핸드크림</span> 과 같은 디자인 으로 
<span class=""unpa-tag hash"">#휴대성</span> 이 우수하며 그냥 이대로 가지고 다니며 사용하기에 매우 용이합니다 ㅎㅎ 

모두 이 제품으로 감염병을 예방해보아요</div>
</div>
<div class=""resource"">
<figure class=""image"">
<img alt=""크기는 우리가 흔하게 사용하는 핸드크림과 비슷한 크기이며 휴대성이 우수해요"" src=""https://d33ur1yh5ph6b5.cloudfront.net/bf088ace-3166-4e0c-b21f-d6861b426297-mid""/>
</figure>
<div class=""description"">크기는 우리가 흔하게 사용하는 핸드크림과 비슷한 크기이며 휴대성이 우수해요</div>
</div>
<div class=""resource"">
<figure class=""image"">
<img alt=""화장품 브랜드에서 제작한 것이라 
시중에 판매하는 제품과 차이가 있을수도 있다고 생각하실 수 있는데 ,,!

의약외품으로 약국에서 구매하는 손소독 제품이랑 동일해요"" src=""https://d33ur1yh5ph6b5.cloudfront.net/d3f8a2c5-7472-42fe-b942-7a48f57353b9-mid""/>
</figure>
<div class=""description"">화장품 브랜드에서 제작한 것이라 
시중에 판매하는 제품과 차이가 있을수도 있다고 생각하실 수 있는데 ,,!

의약외품으로 약국에서 구매하는 손소독 제품이랑 동일해요</div>
</div>
<div class=""resource"">
<figure class=""image"">
<img alt=""입구에는 씰로 밀봉되어 있어 
위생적입니다 !! 

씰을 제거했을때에는 바로 흘러 깜짝 놀랐네요 

사용하지 않을 때에는 뚜껑을 꼭 닫아줄것 !!"" src=""https://d33ur1yh5ph6b5.cloudfront.net/a2e13961-6c03-4f3c-a196-c54be32835f9-mid""/>
</figure>
<div class=""description"">입구에는 씰로 밀봉되어 있어 
위생적입니다 !! 

씰을 제거했을때에는 바로 흘러 깜짝 놀랐네요 

사용하지 않을 때에는 뚜껑을 꼭 닫아줄것 !!</div>
</div>
<div class=""resource"">
<figure class=""image"">
<img alt=""손에 발라 사용해 보았어요 

요즘날에는 어딜가나 손소독제가 구비되어 있어 다들 사용 해 보셨을텐데 
우리가 아는 그 흔한 손소독젤 이랍니다 ! 

향도 우리가 아는 그 알코올 향 이에요"" src=""https://d33ur1yh5ph6b5.cloudfront.net/7ce809a1-47c7-4a2b-8062-42ed1adfa771-mid""/>
</figure>
<div class=""description"">손에 발라 사용해 보았어요 

요즘날에는 어딜가나 손소독제가 구비되어 있어 다들 사용 해 보셨을텐데 
우리가 아는 그 흔한 손소독젤 이랍니다 ! 

향도 우리가 아는 그 알코올 향 이에요</div>
</div>
<div class=""resource"">
<figure class=""image"">
<img alt=""손에 바르고 난 뒤 모습이에요 ! 
처음에는 촉촉하게 발리는 듯 하나 
모두 흡수가 되고 나면 알코올 향도 사라지고 촉촉함도 사라져요 

손은 오히려 살짝 건조해질 수 있겠네요 

우리 모두 위생에 신경써서 코로나19를 함께 이겨내보아요"" src=""https://d33ur1yh5ph6b5.cloudfront.net/021372e0-c176-4cfb-b765-4b67849abb06-mid""/>
</figure>
<div class=""description"">손에 바르고 난 뒤 모습이에요 ! 
처음에는 촉촉하게 발리는 듯 하나 
모두 흡수가 되고 나면 알코올 향도 사라지고 촉촉함도 사라져요 

손은 오히려 살짝 건조해질 수 있겠네요 

우리 모두 위생에 신경써서 코로나19를 함께 이겨내보아요</div>
</div>
</div>
<div class=""ad_warning"">
<span class=""title"">이 리뷰는 언니의 파우치를 통해 해당 브랜드에서<br/>제품 또는 서비스를 제공 받아 작성된 글입니다.</span>
</div>
</div>",5,1시간 전,조회 15,[],[],"[['BABE 바베', '미셀라 젤 클렌저'], ['언파 코스메틱', '언파 차차 고마쥬'], ['네이밍', '대즐링 아이글리터 [PKM01 NOT-PINK]'], ['치카이치코', '씬 레이어 커버 쿠션 [17호 서연]'], ['메이블린 뉴욕', '슈퍼 스테이 립 잉크 [155 패스파인더]']]","['10', '0', '42', '9', '0', '20', '9', '3', '23', '9', '0', '21', '9', '0', '36']","['2020.04.04', '2020.03.27', '2020.03.27', '2020.03.26', '2020.03.19']","['4.0', '4.0', '4.0', '3.5', '3.0']","['https://d33ur1yh5ph6b5.cloudfront.net/124ab2e6-05dc-4348-9da2-2c2c4ac58528-thumbnail', 'https://d33ur1yh5ph6b5.cloudfront.net/6939e9c8-fa0e-4b9f-b2bf-5485c153956f-thumbnail', 'https://d33ur1yh5ph6b5.cloudfront.net/d324d50c-e18a-4c37-b203-f15629afe3aa-thumbnail', 'https://d33ur1yh5ph6b5.cloudfront.net/437d80f8-679f-46d8-92fe-ccc7b3674474-thumbnail', 'https://d33ur1yh5ph6b5.cloudfront.net/05934f79-f45f-4f9a-82ad-b67054f5a207-thumbnail']",https://d33ur1yh5ph6b5.cloudfront.net/977BDDAE-3781-4ACC-9BCB-A4679C29869F-thumbnail,HoJ,건성,21호,"[' 14', ' 118', ' 814']",https://d33ur1yh5ph6b5.cloudfront.net/c31bce66-8009-4467-86ac-d0f86275f195,학생의 솔직한 리뷰
https://d33ur1yh5ph6b5.cloudfront.net/76a28954-0981-470b-9dde-72782c266cb2-thumbnail,키르시블렌딩,마이 틴트 로그 [05 퍼스트 띵스],3.5,"<div class=""content"">
<div class=""resources"">
<div class=""resource"">
<figure class=""image"">
<img src=""https://d33ur1yh5ph6b5.cloudfront.net/3a5b1eb7-4b98-427a-a519-80078606ed9d-mid""/>
</figure>
</div>
<div class=""resource"">
<div class=""text"">안녕하세요! 

얼마 전에 키르시 공홈에서 신규회원 가입한 분들을 대상으로 미니 틴트를 주는 이벤트를 했었는데 그때 받은 틴트가 너무 좋아서 리뷰를 쓰게 되었어요! 

일단 패키지는 되게 작고 귀여워요!</div>
</div>
<div class=""resource"">
<figure class=""image"">
<img src=""https://d33ur1yh5ph6b5.cloudfront.net/80a461ab-f6a3-4924-be1e-4084861a3479-mid""/>
</figure>
</div>
<div class=""resource"">
<div class=""text"">제가 받은 색상은 5호 퍼스트 띵스로 이 라인의 메인 컬러인거 같더라구요! 

웜 쿨 가리지 않고 다 무난하게 잘 어울릴 코랄 레드 색상이에요 사진이 좀 노랗게 나왔고 실제 색상은 좀 더 핑크빛이 돈 답니다!

제형은 물틴트처럼 묽게 발리지만 펴바르고 나면 쫀쫀하게 입술에 밀착돼요!</div>
</div>
<div class=""resource"">
<figure class=""image"">
<img src=""https://d33ur1yh5ph6b5.cloudfront.net/336fd715-5ab2-414f-8b38-94c57d69881c-mid""/>
</figure>
</div>
<div class=""resource"">
<div class=""text"">촉촉한 광 보이시죠ㅠㅠ 

색상도 색상이지만 텍스쳐가 정말 마음에 들었어요 보통 촉촉한 틴트들은 밀리거나 뭉치는데 이건 묽고 가벼운 타입이라 그런 현상이 없더라구요</div>
</div>
<div class=""resource"">
<figure class=""image"">
<img src=""https://d33ur1yh5ph6b5.cloudfront.net/b25369c5-d2b8-4e14-afda-2d8d591b29aa-mid""/>
</figure>
</div>
<div class=""resource"">
<div class=""text"">발색한 뒤 물티슈로 지웠을때 착색은 이정도 입니다!

핑크 착색이 아닌 틴트 본연의 색깔로 연하게 남아서 학생 분들이 학교에서 쓰기도 좋을거 같아요!


[키르시 블렌딩 마이 틴트 로그_05 퍼스트 띵스]

촉촉함 🖤🖤🖤🖤🖤

지속력 🖤🖤🖤

밀착력 🖤🖤🖤🖤

발색력 🖤🖤🖤🖤
    

<span class=""unpa-tag hash"">#틴트</span> <span class=""unpa-tag hash"">#키르시</span> <span class=""unpa-tag hash"">#키르시블렌딩</span> <span class=""unpa-tag hash"">#촉촉한틴트</span> <span class=""unpa-tag hash"">#데일리</span>
<span class=""unpa-tag hash"">#학생틴트</span> <span class=""unpa-tag hash"">#틴트추천</span> <span class=""unpa-tag hash"">#코랄</span> <span class=""unpa-tag hash"">#레드</span> <span class=""unpa-tag hash"">#추천</span> <span class=""unpa-tag hash"">#웜톤</span> <span class=""unpa-tag hash"">#쿨톤</span> <span class=""unpa-tag hash"">#립</span></div>
</div>
</div>
</div>",3,1시간 전,조회 77,"[['snowlove111', '1시간 전', '1', '웜톤이세요?!'], ['tokkii', '1시간 전', '0', '@snowlove111 피부는 쿨톤이지만 웜톤도 색상도 좋아해서 사실 가리지 않고 다 바릅니다!😌'], ['snowlove111', '1시간 전', '1', '@tokkii 알려주셔서 감사합니당'], ['위롱', '1시간 전', '1', '헐 너무 이뻐요,, 리뷰 감사해요!😊'], ['tokkii', '1시간 전', '0', '@위롱 칭찬 감사합니다 위롱님 피드도 넘 예쁘네요🥰💞']]","['default', 'https://d33ur1yh5ph6b5.cloudfront.net/AC074469-8FF2-4298-8325-E49B17272580-thumbnail', 'default', 'https://d33ur1yh5ph6b5.cloudfront.net/877C99DD-EAC6-4AC5-B6D5-38C3C54F8C15-thumbnail', 'https://d33ur1yh5ph6b5.cloudfront.net/AC074469-8FF2-4298-8325-E49B17272580-thumbnail']",[],[],[],[],[],https://d33ur1yh5ph6b5.cloudfront.net/AC074469-8FF2-4298-8325-E49B17272580-thumbnail,tokkii,복합성,21호,"[' 1', ' 2', ' 10']",https://d33ur1yh5ph6b5.cloudfront.net/6cb26bc2-834d-4b68-98c7-d27608dc264a,(*☻-☻*)
https://d33ur1yh5ph6b5.cloudfront.net/5d5d5250-5be4-40af-9163-46b2bf0b3165-thumbnail,이니스프리,제주 왕벚꽃 톤업 크림,4.0,"<div class=""content"">
<div class=""resources"">
<div class=""resource"">
<figure class=""image"">
<img alt="""" src=""https://d33ur1yh5ph6b5.cloudfront.net/f5f06707-0a61-457f-ae58-f68006c78aac-mid""/>
</figure>
<div class=""description""></div>
</div>
<div class=""resource"">
<figure class=""image"">
<img alt="""" src=""https://d33ur1yh5ph6b5.cloudfront.net/f09c1556-81f0-4b49-919d-e5799aa197be-mid""/>
</figure>
<div class=""description""></div>
</div>
<div class=""resource"">
<div class=""text"">얼굴에 톤업 크림을 올렸을 때는 촉촉했지만 수분이 거의 날아가고 5분 뒤에는 조금 들뜹니다.그리고 모공이 좀 채워지는 느낌? 그리고 향이 좀 센데 그래도 피부결이 좋아보입니다.저는 21~23호 쓰는데 톤업이 별로안됐네요.</div>
</div>
</div>
</div>",3,1시간 전,조회 26,"[['토맛토마토', '1시간 전', '1', '사진 2개에 한줄이 말이되나요:) 좀 더 정확하게\n적어주세요 장점이라던지, 단점을 조금만 더 구체적으로 써주시기만 하셔도 리뷰 퀄리티가 올라갈것 같네요'], ['꼬꼬스프', '1시간 전', '1', '@토맛토마토 피드백 진짜 감사합니다ㅠㅠ 넵!'], ['토맛토마토', '1시간 전', '1', '@baix43024895 다음 리뷰가 궁금하네요!']]","['https://d33ur1yh5ph6b5.cloudfront.net/7988f165-7d13-424d-8710-caa7b083f931-thumbnail', 'default', 'https://d33ur1yh5ph6b5.cloudfront.net/7988f165-7d13-424d-8710-caa7b083f931-thumbnail']","[['투쿨포스쿨', '아트클래스 바이 로댕']]","['3', '0', '30']",['1시간 전'],['4.5'],['https://d33ur1yh5ph6b5.cloudfront.net/4db7b7b3-3694-480c-9979-ce12dcd0954e-thumbnail'],default,꼬꼬스프,건성,21호,"[' 0', ' 2', ' 6']",https://d33ur1yh5ph6b5.cloudfront.net/f1a890f1-14ad-42da-8a0a-3f6db15d262d,피드백 진짜 좋아해요!
https://d33ur1yh5ph6b5.cloudfront.net/6c359f10-bb20-449f-bc99-02c76628c987-thumbnail,언파 코스메틱,차차 핸드크리너,4.0,"<div class=""content"">
<div class=""resources"">
<div class=""resource"">
<div class=""text""><span class=""unpa-tag hash"">#4월언파박스</span> <span class=""unpa-tag hash"">#언파코스메틱</span> <span class=""unpa-tag hash"">#손소독제</span> <span class=""unpa-tag hash"">#차차핸드크리너</span>  

요즘 가장 필요한 아이템인 손 소독제! 언파 코스메틱이 손 소독제까지 만들다니 정말 능력자인거 같아요 ㅎㅎ</div>
</div>
<div class=""resource"">
<figure class=""image"">
<img src=""https://d33ur1yh5ph6b5.cloudfront.net/c2d79267-4bf1-4bc6-ad70-0efc67f2b688-mid""/>
</figure>
</div>
<div class=""resource"">
<div class=""text"">일단 디자인 합격! 하늘색+흰색 조합도 넘 깨끗하고 이쁘고, 차차 핸드크리너 글씨도 딱 언파코스메틱 느낌이에요.</div>
</div>
<div class=""resource"">
<figure class=""image"">
<img src=""https://d33ur1yh5ph6b5.cloudfront.net/a126ff8d-4668-45ed-b72a-7e3781d6ce68-mid""/>
</figure>
</div>
<div class=""resource"">
<div class=""text"">입구는 이런 모양이에요. 쪼금 아쉬운게, 뚜껑 디자인인데, 용기에 붙어 있게끔 디자인 되어 있다면 더 좋았을 거 같아요. 제가 저런 분리형 뚜껑은 열다가 날려버리기도 하고 잘 떨어뜨리거나 심지어 잃어버리기도 해서요 ㅠㅜ</div>
</div>
<div class=""resource"">
<figure class=""image"">
<img src=""https://d33ur1yh5ph6b5.cloudfront.net/1651e454-b0a8-467a-8310-208588d387b9-mid""/>
</figure>
</div>
<div class=""resource"">
<div class=""text"">투명한 젤 제형인데 무척 무른 제형이라 이렇게 물처럼 흘러내려요. 쫀쫀 탱글한 손소독제 제형은 느낌이 깔끔하지 못해서 전 이런 무른 제형이 마음에 들었답니다^^</div>
</div>
<div class=""resource"">
<figure class=""image"">
<img src=""https://d33ur1yh5ph6b5.cloudfront.net/f11d0493-e8f6-408c-97ee-2072f799bbda-mid""/>
</figure>
</div>
<div class=""resource"">
<div class=""text"">정말 물바르는 것 처럼 잘 펴발라져요. 그리고 시원한 느낌도 굿! ㅎㅎ</div>
</div>
<div class=""resource"">
<figure class=""image"">
<img src=""https://d33ur1yh5ph6b5.cloudfront.net/49bc2e1f-4724-4590-af48-e81f2df1d4c8-mid""/>
</figure>
</div>
<div class=""resource"">
<div class=""text"">그리고는 순식간에 건조 되는데 끈적임이 1도 남지 않습니다. 그 점이 무척 맘에 들었어요. 보습 부분은 딱히 좋다는 생각은 안 들었지만, 저는 개인적으로 손소독제에서 보습을 기대하진 않아서 괜찮았어요. 손소독제는 본래의 목적에 충실하며, 깔끔한 마무리감을 남겨야 한다는게 제 의견입니다ㅎㅎ 보습은 핸드크림에게 맡기고..!</div>
</div>
<div class=""resource"">
<figure class=""image"">
<img src=""https://d33ur1yh5ph6b5.cloudfront.net/8fefd554-6533-4f4c-9885-9e60e953acab-mid""/>
</figure>
</div>
<div class=""resource"">
<div class=""text"">한손에 들어오는 사이즈와 예쁜 디자인이라 가방에 넣어 다니기 딱 좋은 제품이에요. 아쉬운 점은 가격이 좀 된다는거..</div>
</div>
</div>
<div class=""ad_warning"">
<span class=""title"">이 리뷰는 언니의 파우치를 통해 해당 브랜드에서<br/>제품 또는 서비스를 제공 받아 작성된 글입니다.</span>
</div>
</div>",3,2시간 전,조회 17,"[['꼬꼬스프', '1시간 전', '0', '리뷰를 꼼꼼하게 써주신 거 감사드려요! 제가 손소독제가 없어서 사야 되던 참인데 리뷰를 알차게 써주시니 도움 많이 됐어요🙂']]",['default'],"[['언파 코스메틱', '차차 츄어블 고체치약'], ['라네즈', '크림 스킨 미스트'], ['로라메르시에', '플로리스 뤼미에르 래디언스 퍼펙팅 쿠션 [1N1 크림]'], ['미샤', '래디언스 퍼펙트핏 파운데이션 [21호 바닐라]'], ['안나수이', '안나수이 립밤 E [401 챠밍 쥬시 플럼]']]","['1', '0', '28', '3', '0', '9', '26', '13', '4.3k', '33', '5', '2.3k', '6', '0', '42']","['2시간 전', '3시간 전', '2020.04.02', '2020.03.26', '2020.02.26']","['4.5', '5.0', '4.5', '4.5', '4.0']","['https://d33ur1yh5ph6b5.cloudfront.net/f3b4569d-d841-4ec3-801a-a95f0eb9bacf-thumbnail', 'https://d33ur1yh5ph6b5.cloudfront.net/de5f64c6-15ad-47d6-a587-10c22eaad9dc-thumbnail', 'https://d33ur1yh5ph6b5.cloudfront.net/8a194a0c-27c3-493b-834f-3f132973fa53-thumbnail', 'https://d33ur1yh5ph6b5.cloudfront.net/7f04d7fd-cf4e-4471-b398-51025b0cfaae-thumbnail', 'https://d33ur1yh5ph6b5.cloudfront.net/c445b527-6bd0-490a-a1ce-b9bf764e3563-thumbnail']",https://d33ur1yh5ph6b5.cloudfront.net/47016e2d-ba8f-4a30-9888-5049301cb898-thumbnail,자몽망고타르트,중성,21호,"[' 22', ' 47', ' 419']",https://d33ur1yh5ph6b5.cloudfront.net/1179edf5-30ab-44ff-9d85-3843766961d7,입력하신 자기 소개글이 없습니다
https://d33ur1yh5ph6b5.cloudfront.net/84a29eb6-2bc9-462a-893b-69c6053d1578-thumbnail,페리페라,NEW 잉크 더 벨벳 [008 품절대란],5.0,"<div class=""content"">
<div class=""resources"">
<div class=""resource"">
<figure class=""image"">
<img alt="""" src=""https://d33ur1yh5ph6b5.cloudfront.net/cf4c42e9-7783-48b3-bf2f-d584d16b5c10-mid""/>
</figure>
<div class=""description""></div>
</div>
<div class=""resource"">
<figure class=""image"">
<img alt="""" src=""https://d33ur1yh5ph6b5.cloudfront.net/c8069d7d-a64d-4552-bd18-0697dc2196fe-mid""/>
</figure>
<div class=""description""></div>
</div>
<div class=""resource"">
<div class=""text"">색상 넘 이뿌고 만족스러워요🤗
쿨톤분들에게 추천드리고
웜톤분들에게 비추천 드려요
착색이 잘되고 지속력이 조아요</div>
</div>
</div>
</div>",4,2시간 전,조회 47,"[['토맛토마토', '1시간 전', '0', '내용이 너무 적네요.. 장점이랑 단점을 더욱 구체적으로 말씀해주시고, 제품의 특징, 가격, 용량까지 구체적으로 써주세요..']]",['https://d33ur1yh5ph6b5.cloudfront.net/7988f165-7d13-424d-8710-caa7b083f931-thumbnail'],[],[],[],[],[],https://d33ur1yh5ph6b5.cloudfront.net/c0520695-e13e-4942-9631-4bbffca3a575-thumbnail,ayeong,지성,21호,"[' 0', ' 1', ' 5']",https://d33ur1yh5ph6b5.cloudfront.net/f1a890f1-14ad-42da-8a0a-3f6db15d262d,입력하신 자기 소개글이 없습니다
https://d33ur1yh5ph6b5.cloudfront.net/ed143787-83d1-4c52-9989-3b3e20e5a759-thumbnail,페리페라,잉크 더 라커 [3호 감각적 핑크 착붙],4.0,"<div class=""content"">
<div class=""resources"">
<div class=""resource"">
<div class=""text"">안녕하세요 햣햣 입니다 !!
오늘 페리페라 잉크 더 라커 [3호 감각적 핑크 착붙]을 리뷰해보려고 해용 &gt;&lt;
이 틴트가 많이 오래됀건 아니지만 전 아직까지 꾸준히 쓰고 있기 때문에
올려보도록 할께용 ❤😚
오타 있어도 조금만 양해 부탁 드릴께요 😭
먼저 색은 이런색이고요 !</div>
</div>
<div class=""resource"">
<figure class=""image"">
<img alt="""" src=""https://d33ur1yh5ph6b5.cloudfront.net/ba8a3621-1fab-4f8e-8f63-85f0fcb73afa-mid""/>
</figure>
<div class=""description""></div>
</div>
<div class=""resource"">
<div class=""text"">가까이서 보면 이런 색깔이에요 !!</div>
</div>
<div class=""resource"">
<figure class=""image"">
<img alt="""" src=""https://d33ur1yh5ph6b5.cloudfront.net/4a7d2970-6928-4586-bb30-c081000871eb-mid""/>
</figure>
<div class=""description""></div>
</div>
<div class=""resource"">
<div class=""text"">바르면 요로코롬 이쁜 색이 나온답니다 ❤❤ 
지금이거 바른지 1시간 다 돼가는데 안지워져요 ㅜㅜㅠㅜㅠㅠㅠ
1시간 뒤에 다시 써볼께용</div>
</div>
<div class=""resource"">
<figure class=""image"">
<img alt="""" src=""https://d33ur1yh5ph6b5.cloudfront.net/ca32f951-71f2-427c-a2bc-f89990ad4ada-mid""/>
</figure>
<div class=""description""></div>
</div>
<div class=""resource"">
<div class=""text"">아 그리고 제가 각질부각이 상당히 심한편인데 
이 틴트는 각질부각이 조금 티가나서 립밥 한번만 쓱 발라주시고 
틴트 바르시면 이 세상 입술이 아님 👍👍
이 틴트는 진짜 추천 드려요 ㅠㅠㅠㅠㅠㅠ
1시간이 다시 지났는데 이제야 반 정도 지워졌네엿...

장점 : 색감도 이쁘고 피부톤에 다 맞고 금방 지워지지 않음 .
단점 : 각질부각이 조금 티가 남 .</div>
</div>
</div>
</div>",3,2시간 전,조회 17,[],[],[],[],[],[],[],https://d33ur1yh5ph6b5.cloudfront.net/ab842636-fe6e-4412-ac7a-c66dbac057a1-thumbnail,햣햣,건성,23호,"[' 0', ' 3', ' 5']",https://d33ur1yh5ph6b5.cloudfront.net/d97eef71-ce1d-47fd-b3e1-57f9b9c9f3a9,입력하신 자기 소개글이 없습니다
https://d33ur1yh5ph6b5.cloudfront.net/9c721378-f6f3-4917-a9f0-fe7673ae3633-thumbnail,웨이크메이크(WAKEMAKE),루즈건 제로 [02 킬미레드],4.0,"<div class=""content"">
<div class=""resources"">
<div class=""resource"">
<figure class=""image"">
<img src=""https://d33ur1yh5ph6b5.cloudfront.net/ee8f4aee-3f80-4c2e-8697-4b61ba856a9c-mid""/>
</figure>
</div>
<div class=""resource"">
<figure class=""image"">
<img src=""https://d33ur1yh5ph6b5.cloudfront.net/798a1c3b-a4bc-4eda-a5af-7f0591947d01-mid""/>
</figure>
</div>
<div class=""resource"">
<div class=""text"">매트지만 뻑뻑하게 발리지 않는 매트네요 부드럽게 잘 발려요 𝑠𝑚𝑜𝑜𝑡ℎ
색감도 정말 예쁜 살짝 톤다운된 오렌지빛이 도는 레드느낌이예요 
톤다운은 그렇게 많이 된건아니라서 화사한 느낌으로 바르실수있을것같아요✌︎︎✌︎︎
딱 베이스 바르시고 그 위에 포인트로 바르시면 정말 예쁠것같은 색이예요
하지만 입술상태가 안좋은날에는 조금 각질부각이 있네요 꼭 각질정리를 하고 사용하시는게 좋을거같아요
그 점 말고는 정말 예뻐용 요즘 맨날 쓰는색 바르면 얼굴이 환해보이는 효과!
그리고 디자인도 매트한 블랙으로 되어있어서 고급져요 사진에 보이는건 무슨 이벤트?? 할때 산거여서 디자인이 조금 다릅니당 𝕙𝕚𝕙𝕚 
또 사각형으로 각져있는 디자인이더욱더 고급스럽게 보이게 하는것같아요 
디자인도 예쁘고 사용감도 정말 굳굳 
다쓰면 재구매할 의향이 있을만큼 좋아요좋아요좋아요</div>
</div>
</div>
</div>",2,2시간 전,조회 39,"[['꺄잉꺄링꺄욤', '1시간 전', '0', '케이스 머야.. 완전 이쁘자나..❤️🥺'], ['와진짜너무하네', '1시간 전', '0', '헉 케이스가 너무 예쁘네욤 저 이거 다른색 있는디 너무예뻐욤😍사진도 너무 잘찍으시네욤']]","['https://d33ur1yh5ph6b5.cloudfront.net/D799F08E-EED5-4539-B606-8B2F2373CE73-thumbnail', 'https://d33ur1yh5ph6b5.cloudfront.net/2cf01b68-cd69-4bbf-8420-b6d9cf372521-thumbnail']",[],[],[],[],[],default,엣취취취나물,복합성,21호,"[' 0', ' 1', ' 2']",https://d33ur1yh5ph6b5.cloudfront.net/f1a890f1-14ad-42da-8a0a-3f6db15d262d,입력하신 자기 소개글이 없습니다
https://d33ur1yh5ph6b5.cloudfront.net/1d1a8a0a-6289-450d-91f8-67d1c66c05c9-thumbnail,언파 코스메틱,차차 츄어블 고체치약,4.5,"<div class=""content"">
<div class=""resources"">
<div class=""resource"">
<div class=""text""><span class=""unpa-tag hash"">#4월언파박스</span> <span class=""unpa-tag hash"">#고체치약</span> <span class=""unpa-tag hash"">#언파코스메틱</span> <span class=""unpa-tag hash"">#씹는치약</span> 

의외로 너무 유용하게 사용하고 있는 띵템을 소개합니다! 고체치약이라니... 언파 박스 덕분에 신문물을 접하게 됐네요 ㅎㅎ</div>
</div>
<div class=""resource"">
<figure class=""image"">
<img src=""https://d33ur1yh5ph6b5.cloudfront.net/f3b4569d-d841-4ec3-801a-a95f0eb9bacf-mid""/>
</figure>
</div>
<div class=""resource"">
<div class=""text"">박스랑 용기가 언파 코스메틱 특유의 분위기를 잘 나타내주면서 깔끔하고 이뻐요!</div>
</div>
<div class=""resource"">
<figure class=""image"">
<img src=""https://d33ur1yh5ph6b5.cloudfront.net/61d835e7-861c-4d96-8ad2-610a55cf6ece-mid""/>
</figure>
</div>
<div class=""resource"">
<div class=""text"">사진 찍는다고 이렇게 여러알을 꺼내 놓았지만, 입구가 넓지 않아서 한번에 막 많이 나오지는 않아요. 이건 좋은것 같아요.</div>
</div>
<div class=""resource"">
<figure class=""image"">
<img src=""https://d33ur1yh5ph6b5.cloudfront.net/97aec18b-fdc4-4d9d-ac7d-8117666307af-mid""/>
</figure>
</div>
<div class=""resource"">
<div class=""text"">딱 알약크기! 한번에 1~2정을 씹으면 된다는데, 저는 1개로 충분한 듯 해요.</div>
</div>
<div class=""resource"">
<figure class=""image"">
<img src=""https://d33ur1yh5ph6b5.cloudfront.net/f04700c6-1187-43af-9757-a520a38630f2-mid""/>
</figure>
</div>
<div class=""resource"">
<div class=""text"">치약을 씹은 후 칫솔질을 하거나, 칫솔에 올려서 양치질을 하라고 나와있는데요, 둘다 해봤는데 저는 씹은 후 칫솔질이 좀더 나았어요. 치약을 칫솔에 올렸는데 그게 도르르 굴러 떨어져 사라져 버렸거든요..
양치가 필요할때 한알 입에 넣고 우물우물씹으면서 돌아다니다가 마무리 칫솔질만 욕실서 하면 돼서 은근 넘나 편하더라구요 ㅎㅎ 
민트의 강도는 한알 씹었을때 보통 치약 정도의 세기인거 같아요. 
단점은 좀 오래 씹으면서 돌아다니면 입에서 줄줄 흐른다는거.. 그리고 거품이 막 몽글몽글한 느낌은 아니에요.</div>
</div>
<div class=""resource"">
<figure class=""image"">
<img src=""https://d33ur1yh5ph6b5.cloudfront.net/fc03b37a-1571-4b15-83fc-4e1e30fda5dd-mid""/>
</figure>
</div>
<div class=""resource"">
<div class=""text"">사이즈도 딱 손안에 들어오는 크기라 들고다니기도 딱 좋아요. 칫솔질로 마무리를 하면 좋지만, 사실 바쁘거나 여건이 안되면 물로만 헹궈도 될 법한, 유용한 아이템 입니다.</div>
</div>
</div>
<div class=""ad_warning"">
<span class=""title"">이 리뷰는 언니의 파우치를 통해 해당 브랜드에서<br/>제품 또는 서비스를 제공 받아 작성된 글입니다.</span>
</div>
</div>",1,2시간 전,조회 28,[],[],"[['언파 코스메틱', '차차 핸드크리너'], ['라네즈', '크림 스킨 미스트'], ['로라메르시에', '플로리스 뤼미에르 래디언스 퍼펙팅 쿠션 [1N1 크림]'], ['미샤', '래디언스 퍼펙트핏 파운데이션 [21호 바닐라]'], ['안나수이', '안나수이 립밤 E [401 챠밍 쥬시 플럼]']]","['3', '1', '17', '3', '0', '9', '26', '13', '4.3k', '33', '5', '2.3k', '6', '0', '42']","['2시간 전', '3시간 전', '2020.04.02', '2020.03.26', '2020.02.26']","['4.0', '5.0', '4.5', '4.5', '4.0']","['https://d33ur1yh5ph6b5.cloudfront.net/c2d79267-4bf1-4bc6-ad70-0efc67f2b688-thumbnail', 'https://d33ur1yh5ph6b5.cloudfront.net/de5f64c6-15ad-47d6-a587-10c22eaad9dc-thumbnail', 'https://d33ur1yh5ph6b5.cloudfront.net/8a194a0c-27c3-493b-834f-3f132973fa53-thumbnail', 'https://d33ur1yh5ph6b5.cloudfront.net/7f04d7fd-cf4e-4471-b398-51025b0cfaae-thumbnail', 'https://d33ur1yh5ph6b5.cloudfront.net/c445b527-6bd0-490a-a1ce-b9bf764e3563-thumbnail']",https://d33ur1yh5ph6b5.cloudfront.net/47016e2d-ba8f-4a30-9888-5049301cb898-thumbnail,자몽망고타르트,중성,21호,"[' 22', ' 47', ' 419']",https://d33ur1yh5ph6b5.cloudfront.net/1179edf5-30ab-44ff-9d85-3843766961d7,입력하신 자기 소개글이 없습니다
https://d33ur1yh5ph6b5.cloudfront.net/b9d1af69-8f8c-44f2-81b1-113280501acf-thumbnail,입생로랑,따뚜아쥬 꾸뛰르 타투 틴트 [09 그러낫 노-룰즈],4.0,"<div class=""content"">
<div class=""resources"">
<div class=""resource"">
<div class=""text"">- 안녕하세요. 케이입니다 :)

입술선 따는 것돠 발림성은 최고였어요. 사선으로 기울어진 팁이 입술선 따는걸 정말 어렵지 않게 도와줬고 각질부각도 거의 없는 편이었습니다 :)


연하게 바르면 플럼빛이 납니다 :( 핑크끼를 정말 싫어해서 풀립으로만 바르고 절대 연하게 바르지 않아요.</div>
</div>
<div class=""resource"">
<figure class=""image"">
<img alt=""“ 디자인 “
"" src=""https://d33ur1yh5ph6b5.cloudfront.net/de564eb4-16b5-42f9-ac9b-7d6bf14a19af-mid""/>
</figure>
<div class=""description"">“ 디자인 “</div>
</div>
<div class=""resource"">
<figure class=""image"">
<img alt=""“ 발색 “
"" src=""https://d33ur1yh5ph6b5.cloudfront.net/8fdb5e15-671c-4fb8-8dd0-d3a7b326a972-mid""/>
</figure>
<div class=""description"">“ 발색 “</div>
</div>
<div class=""resource"">
<figure class=""image"">
<img alt=""“ 그라데이션 “
"" src=""https://d33ur1yh5ph6b5.cloudfront.net/da2a8fec-f2b3-4597-9982-66d9fa3fb82f-mid""/>
</figure>
<div class=""description"">“ 그라데이션 “</div>
</div>
</div>
</div>",6,2시간 전,조회 42,[],[],"[['페리페라', '잉크 더 젤라또 [008 홍차를 우려또]'], ['플린(Flynn)', '어딕션 벨벳 틴트 [206 딥브레스]']]","['5', '0', '34', '5', '1', '42']","['3시간 전', '3시간 전']","['4.0', '3.0']","['https://d33ur1yh5ph6b5.cloudfront.net/206a8e59-d622-4b22-b705-9b3d3d23cc24-thumbnail', 'https://d33ur1yh5ph6b5.cloudfront.net/46e8aa6d-8188-4aea-ac2f-e3a22ca366d6-thumbnail']",https://d33ur1yh5ph6b5.cloudfront.net/3A5CC3F9-8062-44CD-B840-5AD40AE4891B-thumbnail,케이ke,지성,23호,"[' 0', ' 3', ' 16']",https://d33ur1yh5ph6b5.cloudfront.net/d97eef71-ce1d-47fd-b3e1-57f9b9c9f3a9,입력하신 자기 소개글이 없습니다
default,닥터엘시아,스킨 밸런싱 UV 에센스,5.0,"<div class=""content"">
<div class=""resources"">
<div class=""resource"">
<div class=""text"">⠀
🄳🅁.🄰🄻🅃🄷🄴🄰
닥터엘시아 <span class=""unpa-tag hash"">#스킨밸런싱UV에센스</span>
.
.
.
🏷스킨밸런싱UV에센스
⠀
요새 바쁜 일상과 마스크안에서 찌들어가는
내 피부를 보호해준 기특한 제품이 있어서
소개 안 할 수 없어 부랴부랴 달려왔어요.
⠀
⠀
제 선크림 tmi 1️⃣ 찐득거림이 없어야 하고
2️⃣PA + 가 높아야하며 3️⃣ 적당한 백탁현상이
있어야해서 그 기준에 맞는 선크림만 선호하는편인데
⠀
⠀
요번에 발견한 닥터엘시아 스킨밸런스UV에센스가
너무나 적합해서 호들갑을 떨어보려구요.
⠀
⠀
SPF 50+ / PA++++ 지수로 자외선을 강력하게
차단해주는 저자극 무기자차 선케어이구요.
자외선 차단, 미백, 주름개선까지 가능한 3중 기능성 제품으로, 효과적인 자외선 차단과 동시에 기능성
스킨케어까지 가능한 올인원 스킨 밸런싱 제품이에요.
(+가 4개 붙은 제품이 시중에 별로 없어요🥰)
⠀
순수한 빙하수를 함유하여서 그런지 바르는 순간 빙하수 속 풍부한 미네랄 성분이 피부에 수분감을 듬-뿍 전달해주듯, 촉촉하게 스며들며 산뜻한 마무리감으로 메이크업 전에 발라주면 어마어마한 광채가
나요. 진짜 수분광을 잔뜩 머금은 피부가되는게
너무 신기해요 '◡'♥
⠀
⠀
🍑끈적임이 없는 가볍고 수분감 넘치는 로션타입의
선제품을 원하시면 추천
🍑 PA+ 가 높은 제품을 찾으시면 추천
🍑 선제품만으로 수분광이 도는 피부를 원하시면
💯💯추천.
⠀
⠀
꾸덕해서 잘 발리지 않는 선제품이랑은 다르게 마치 로션바르는 듯한 느낌을 선사해주는 스킨 밸런싱 UV 에센스 입니당 ❤️
⠀</div>
</div>
<div class=""resource"">
<figure class=""image"">
<img src=""https://d33ur1yh5ph6b5.cloudfront.net/39c97d39-43ad-425a-a505-231d8b7a1934-mid""/>
</figure>
</div>
<div class=""resource"">
<div class=""text""></div>
</div>
<div class=""resource"">
<figure class=""image"">
<img src=""https://d33ur1yh5ph6b5.cloudfront.net/6264cb15-ec34-41f8-9b33-c3130263dd55-mid""/>
</figure>
</div>
<div class=""resource"">
<div class=""text""></div>
</div>
<div class=""resource"">
<figure class=""image"">
<img src=""https://d33ur1yh5ph6b5.cloudfront.net/a3d6e972-4951-443f-9abf-a238db5abe78-mid""/>
</figure>
</div>
<div class=""resource"">
<div class=""text""></div>
</div>
<div class=""resource"">
<figure class=""image"">
<img src=""https://d33ur1yh5ph6b5.cloudfront.net/3068a5ed-8202-47ee-b7f7-3973bfda2900-mid""/>
</figure>
</div>
<div class=""resource"">
<div class=""text"">⠀
<span class=""unpa-tag hash"">#닥터엘시아</span><span class=""unpa-tag hash"">#dralthea</span><span class=""unpa-tag hash"">#스킨밸런싱uv에센스</span><span class=""unpa-tag hash"">#저자극선크림</span><span class=""unpa-tag hash"">#빙하수선블록</span><span class=""unpa-tag hash"">#산호초보호</span><span class=""unpa-tag hash"">#선에센스</span><span class=""unpa-tag hash"">#썬에센스</span><span class=""unpa-tag hash"">#논나노무기자차</span><span class=""unpa-tag hash"">#논나노선크림</span><span class=""unpa-tag hash"">#무기자차선블록</span><span class=""unpa-tag hash"">#무기자차선케어</span><span class=""unpa-tag hash"">#무기자차선크림</span><span class=""unpa-tag hash"">#자외선차단제</span><span class=""unpa-tag hash"">#선크림추천</span><span class=""unpa-tag hash"">#sunessence</span>#<span class=""unpa-tag hash"">#motd</span> <span class=""unpa-tag hash"">#코덕스타그램</span> <span class=""unpa-tag hash"">#코덕</span> <span class=""unpa-tag hash"">#kbeauty</span><span class=""unpa-tag hash"">#뷰스타그램</span><span class=""unpa-tag hash"">#화장품</span><span class=""unpa-tag hash"">#化粧品</span></div>
</div>
</div>
</div>",1,2시간 전,조회 29,"[['미츠하', '1시간 전', '1', '와... 사진들이 완전 브랜드에서 찍은거 같아요!! 리뷰 잘보고 가요 플러스 리뷰 각이네요 😮'], ['m_i__y', '1시간 전', '0', '@미츠하 감사합니다', 'https://d33ur1yh5ph6b5.cloudfront.net/39f44a71-f6c8-4858-960a-657c6206578f'], ['와진짜너무하네', '1시간 전', '1', '사진을 너무 예쁘게 잘찍으셨네용!! 설명도 보기좋게 잘 써놓고 잘 보고가염🥰']]","['https://d33ur1yh5ph6b5.cloudfront.net/9ca36fb1-a5a7-4dab-83a7-4b7b3e34997a-thumbnail', 'https://d33ur1yh5ph6b5.cloudfront.net/7379C609-F04B-4370-BF12-AAD9CCF61BCA-thumbnail', 'https://d33ur1yh5ph6b5.cloudfront.net/2cf01b68-cd69-4bbf-8420-b6d9cf372521-thumbnail']","[['미멜로디', '바이탈 포메그레닛 에센스'], ['문샷', '크림페인트 스테인핏 [써머 선셋]'], ['릴리바이레드', '러브 타로 블러셔 팔레트 [02 위시 유 쿨]'], ['문샷', '퓨어 레이어드 팔레트 [라이블리 코랄]']]","['2', '0', '20', '7', '1', '16', '6', '0', '16', '6', '0', '13']","['1시간 전', '2020.04.13', '2020.04.13', '2020.04.13']","['5.0', '5.0', '5.0', '5.0']","['https://d33ur1yh5ph6b5.cloudfront.net/ab8ae047-2d59-4a77-a7fa-8e67d4851298-thumbnail', 'https://d33ur1yh5ph6b5.cloudfront.net/03f125f2-2017-4f7e-928a-db2d15440f1b-thumbnail', 'https://d33ur1yh5ph6b5.cloudfront.net/54317d66-c974-4c67-a19f-257e61359833-thumbnail', 'https://d33ur1yh5ph6b5.cloudfront.net/f9f3786d-9bab-4039-9b0e-1461d4a8ef22-thumbnail']",https://d33ur1yh5ph6b5.cloudfront.net/7379C609-F04B-4370-BF12-AAD9CCF61BCA-thumbnail,m_i__y,복합성,23호,"[' 0', ' 6', ' 22']",https://d33ur1yh5ph6b5.cloudfront.net/8ce84915-6f06-4c08-97b2-07d6fb11096e,입력하신 자기 소개글이 없습니다
https://d33ur1yh5ph6b5.cloudfront.net/c782def2-5260-46ad-be75-f662de91b4b9-thumbnail,다이소,핑크팝아이새도우브러쉬,5.0,"<div class=""content"">
<div class=""resources"">
<div class=""resource"">
<div class=""text"">안녕하세요 서유입니다! 오늘은 제가 살까 말까 6개월 넘게 고민한 브러쉬 리뷰를 가져왔어요! 여러분들 모두 한번쯤은 보셨을 흔한 브러쉬인데요, 혹시나 저처럼 살까 말까 고민하시는 분들께 영업하기 위해 들고온 리뷰입니다! 

저는 평소 브러쉬보다는 퍼프나 스틱 형태의 제품을 즐겨 사용하는 편인데요, 그럼에도 반드시 브러쉬를 쓰는 상황은 아이메이크업 할 때 랍니다! 아무래도 피부는 퍼프, 브로우는 스틱형때 많이 사용하는데 꼭 섀도우만큼은 손이 아닌 브러쉬로 바르게 되더라구요. 기본적으로 납짝하고 통통한 브러쉬를 사용하는데 이거 하나가지고는 절대 표현할 수 없는 부분이 있어요. 바로 아이라인과 애굣살! 일반적인 섀도우브러쉬를 사용했을 때 2% 부족한 그 느낌을 무려 1500원에! 해결할 수 있다면 믿으시겠나요?
<span class=""unpa-tag hash"">#뷰템소</span></div>
</div>
<div class=""resource"">
<figure class=""image"">
<img alt="""" src=""https://d33ur1yh5ph6b5.cloudfront.net/06dc1229-22bb-4918-a8b7-b1b2d0604deb-mid""/>
</figure>
<div class=""description""></div>
</div>
<div class=""resource"">
<div class=""text"">• 다이소 아이라이너 겸용 아이섀도우 브러쉬 (핑크팝/ Makeup Brush 05)
• 1500₩

짱이죠 1500원. 가격에서 모든걸 이겨버리는 브러쉬 입니다. 이 제품을 알게 된 계기는 친구가 쓰는걸 보고 이런게 존재한다는 걸 알게 되었는데, 알아보니 요 제품 이 은근 유명템이더라구요? 뷰티유튜버 이사베님 브러쉬 추천 영상에도 올라와있는 나름 인기만점인 브러쉬였어요! 한번은 다이소에 이거 사러 갔는데 500원이 모자라서 못 사고 (왜 1000원인줄 알았을까요..) 2주일 전 드디어! 6개월만에! 겟 했습니다!!  

요 제품은 브러쉬 2개와 PVC재질의 파우치가 함께 들어있고, 보셨다싶이 가격은 1500원으로 매우 착합니다. 핑크색 손잡이 부분부터 은색 철제 연결부분 까지의 길이가 정확히 12.7cm 로 좁은 부위를 칠하기에 아주 적절했어요.  브러쉬 모양은 아래 사진으로 설명할게요!</div>
</div>
<div class=""resource"">
<figure class=""image"">
<img alt="""" src=""https://d33ur1yh5ph6b5.cloudfront.net/d5084821-bcec-41bb-b6e5-347a1defd21f-mid""/>
</figure>
<div class=""description""></div>
</div>
<div class=""resource"">
<div class=""text"">이렇게 두 종류의 브러쉬로 구성되어 있습니다. 일자 모양의 납짝브러쉬와 아이라인 그리기에 적합해 보이는 사선모양의 브러쉬가 있는데, 두가지 다 활용도가 엄청 높아요! 다양한 활용방법은 리뷰 후반에서 보여드릴게요! 

다른분들은 브러쉬 세척할때 은색 부분이 분리된다고 하시던데, 저는 4번 이상 세척했는데 흔들림 전혀 없어서 이게 다이소 퀄리티가 맞나 생각했어요ㅎㅎ 천하장사이거나, 엄청 꽉 눌러서 세척하는것만 아니면 크게 염려하지 않으셔도 될 것 같아요! 저는 비누에다가 슥슥 비비면서 세척사는데 하나도 흔들리지 않았어요!</div>
</div>
<div class=""resource"">
<figure class=""image"">
<img alt="""" src=""https://d33ur1yh5ph6b5.cloudfront.net/8956f9b1-451d-44af-8e13-242df9c5ef1b-mid""/>
</figure>
<div class=""description""></div>
</div>
<div class=""resource"">
<div class=""text"">모질 보시라고 사진 첨부합니다! 네모난 납짝브러쉬는 꽤나 빽빽한 편으로 탄성이 느껴졌어요. 정말 당연하게도 인조모랍니다. 털이 빽빽해서 확실히 넓은 부위를 연하게 칠하기 보다, 좁은 부위를 진하게 칠하거나 뭉친 섀도우를 으깨가며 펴발라주기 좋았어요.</div>
</div>
<div class=""resource"">
<figure class=""image"">
<img alt="""" src=""https://d33ur1yh5ph6b5.cloudfront.net/d76f6407-9db7-499c-bd19-f6bfc0c50bd3-mid""/>
</figure>
<div class=""description""></div>
</div>
<div class=""resource"">
<div class=""text"">요 아이라이너 겸용 브러쉬는 납짝 브러쉬보다 조금 더 부드러운 느낌이 강하게 느껴졌어요. 그래도 모가 빽빽하고 탄성이 있어서 얇게 아이라인 그리기 좋았답니다. 모질 이전에 워낙 브러쉬가 작아서, 삼각존을 채우거나 아이라인을 빼는 등 좁고 뾰족한 부위에 바르기 좋아요.</div>
</div>
<div class=""resource"">
<figure class=""image"">
<img alt="""" src=""https://d33ur1yh5ph6b5.cloudfront.net/9441ed06-a0f1-45f5-a1bd-a507fe3b0f4b-mid""/>
</figure>
<div class=""description""></div>
</div>
<div class=""resource"">
<div class=""text"">갈색 섀도우를 각각 브러쉬에 묻혀, 눕혀서 한 번 세워서 한 번 발색해봤습니다. 
눕혀서 발랐을 때, 한번에 발색되는 컬러감은 납짝 브러쉬가 아이라이너 겸용 브러쉬보다 진했어요. 그리고 납짝 브러쉬가 섀도우를 머금는 성질이 훨씬 약해서 짧게 발색되었구요. (그래서 브로우용 브러쉬로는 적합하지 않아요) 면적 자체도 납짝브러쉬가 더 넓었어요.
반면 세워서 발색했을 때는 납작브러쉬의 컬러감이 훨씬 연했고, 두 브러쉬 모두 끊김없이 진하게 발색되었어요! 확실히 진한 아이라이너 겸용 브러쉬가 아이라인 그리기엔 훨씬 좋죠!</div>
</div>
<div class=""resource"">
<figure class=""image"">
<img alt="""" src=""https://d33ur1yh5ph6b5.cloudfront.net/1229b204-3437-4244-b48e-03e67386eab3-mid""/>
</figure>
<div class=""description""></div>
</div>
<div class=""resource"">
<div class=""text"">제가 주로 이렇게 납짝브러쉬를 사용합니다! 바로 납짝브러쉬 위에 리퀴드 아이섀도우를 얹어주는건데요. 제가 유독 리퀴드 아이섀도우만 바르면 내장브러쉬 양 옆으로 두줄이 생겨버려서 쓰지를 못하고 있었거든요. 혹시나 해서 이 브러쉬로 해봤는데 완전 만족했습니다!</div>
</div>
<div class=""resource"">
<figure class=""image"">
<img alt="""" src=""https://d33ur1yh5ph6b5.cloudfront.net/83abae6e-f8a8-47b7-97da-9a80ccadd71b-mid""/>
</figure>
<div class=""description""></div>
</div>
<div class=""resource"">
<div class=""text"">이런식으로 애굣살에 올려주면 리퀴드 섀도우를 뭉치지 않고 예쁘게 올릴 수 있어요! 
그리고 일반 가루타입 글리터도 손으로 애굣살처럼 좁은 부위에 발라주기가 너무 힘들었는데 이 브러쉬로 약간 뭉친 상태로 떠서 으깨면서 펴주듯이 발라주면 세상 영롱해집니다. (이건 더 후반 예시사진으로 보여드릴게요)</div>
</div>
<div class=""resource"">
<figure class=""image"">
<img alt="""" src=""https://d33ur1yh5ph6b5.cloudfront.net/df576214-e1db-4dc9-b97a-72960a881714-mid""/>
</figure>
<div class=""description""></div>
</div>
<div class=""resource"">
<div class=""text"">다음은 사선브러쉬를 사용해볼건데요. 이 브러쉬는 아무래도 납짝 브러쉬보다 아주 약간 두께가 있다 보니 가루 타입이 알맞더라구요. 저는 에스쁘아 리얼 아이 팔레트 [로지피드] 섀이딩 겸용 컬러를 사용했어요. 가루타입도 고르게 묻어나오는걸 보실 수 있습니다!</div>
</div>
<div class=""resource"">
<figure class=""image"">
<img alt="""" src=""https://d33ur1yh5ph6b5.cloudfront.net/fe87e8b9-f4ac-4405-b9e3-badcc3d0ca59-mid""/>
</figure>
<div class=""description""></div>
</div>
<div class=""resource"">
<div class=""text"">애굣살 밑어 한 번 그어줬어요. 위의 사진과 비교해보면 확실히 살이라는게 생겼죠? 애굣살 만드는것도 아이브로우로 그어주기엔 너무 두껍고 우중충하게 나와서 고민이었는데 이 제품 덕에 해결했습니다!</div>
</div>
<div class=""resource"">
<figure class=""image"">
<img alt="""" src=""https://d33ur1yh5ph6b5.cloudfront.net/ad296920-eead-4d0c-80e5-0d89e04ee43f-mid""/>
</figure>
<div class=""description""></div>
</div>
<div class=""resource"">
<div class=""text"">다음으로 같은 사선브러쉬를 짙은 고동색 쉬머섀도우에 묻혀서 아이라인과, 눈동자 밑, 삼각존을 채워줬습니다. 예상보다 훨씬 짙고 날렵하게 빠져요. 저는 속쌍이라서 아이라이너로 그리면 짙어보이고, 그렇다고 안 그리기엔 흐리멍텅해 보였는데 이렇게 섀도우로 그리니 적당히 또렷해보이고 좋더라구요!</div>
</div>
<div class=""resource"">
<figure class=""image"">
<img alt="""" src=""https://d33ur1yh5ph6b5.cloudfront.net/5b65b849-8eba-4b39-8adb-490c2f5ab7ce-mid""/>
</figure>
<div class=""description""></div>
</div>
<div class=""resource"">
<div class=""text"">사용 예시입니다! (사용 제품은 저번에 리뷰했던 투쿨포스쿨 아이섀도우)
1. 납짝브러쉬로 애굣살에 프레스드타입 글리터를 올려 뭉친 부분을 풀어주듯 발랐어요. 
2. 사선 브러쉬로 짙은 고동색 쉬머섀도우를 이용해 아이라인을 그려주세요
3. 남은 양으로 애굣살 밑에 죽 그어서 음영을 주고 눈동자 밑과 삼각존을 거의 티나지 않게 채워주세요.

지금도 잘하진 않지만 기존의 저라면 상상도 할 수 없는 퀄리티였죠. 1500원 가지고 이렇게까지 삶의 질이 상승할 수 있다는 사실에 대해 놀랐습니다. 
이 브러쉬를 사용한 뷰티팁은 최근 올라온 2개의 아이메이크업입니다! 확실히 인상이 부드러워진게 느껴질 거예요.</div>
</div>
<div class=""resource"">
<figure class=""image"">
<img alt="""" src=""https://d33ur1yh5ph6b5.cloudfront.net/60437560-1f48-4ae7-bc6c-d1f990fab070-mid""/>
</figure>
<div class=""description""></div>
</div>
<div class=""resource"">
<div class=""text"">한 번 구매해서 두 제품을 얻는 상황이라서, 두 브러쉬 비교 해보고, 장단점 및 추천타입 정리하고 리뷰 마치도록 할게요! 

• 납짝 브러쉬
 1. 브러쉬 모가 빽빽, 탄성이 느껴짐 (좁은 부위를 진하게 칠하거나, 뭉친 섀도우를 으깨가며 펴발라주기에 적합)
 2. 눕혀서 사용할 시 발색 진한편
 3. 세워서 사용하면 발색 생각보다 연함
 4. 섀도우를 머금는 성질이 없음 (브로우 브러쉬로는 사용 불가)

• 사선 브러쉬
 1. 납짝 브러쉬보다 부드러운 느낌 
 2. 역시나 모가 빽빽하고 탄성이 있는 편
 3. 눕혀서 사용하면 발색이 연함
 4. 납짝 브러쉬보다 면적이 작고, 섀도우를 머금는 성질 강함
 5. 세워서 사용하면 발색이 강해 아이라인 그리기에 적합






:::::장점:::::

1. 저렴해요
요즘 어디가서 1500원 가지고는 커피 한 잔 사먹기도 어려운데 이 제품은 1500원에 고퀄 브러쉬 2개를 얻을 수 있습니다. 워낙에 퀄리티가 좋긴 하지만 그 퀄리티를 뛰어넘을만한 장점은 저렴한 가격이겠죠ㅎㅎ 간식 한 번 먹지 않는다고 생각하고 이 제품 구매하시면 삶의 질이 올라갑니다.
애굣살 만드느라고 약지에 글리터 묻히고 눈 안에 들어가고 이런 일 없이 한번에 깔끔하게 예쁜 애굣살 메이크업 할 수 있어요! 아이라인도 아이라이너로 그리면 동동 뜨고, 브로우로 그리면 두껍게 느껴지시는 분들 이 제품 얼른 사세요. 

2. 전반적인 품질이 좋아요. (용도에 맞는 제품)
딱 제가 원하는 용도로 사용할 수 있었어요. 제가 다 있는데 애굣살 표현할 수 있는 브러쉬하고 아이라인 그릴 수 있는 브러쉬가 없었거든요. 같은 용도의 타사 제품을 사용해보지 않아서 비교가 어렵긴 하지만, 고퀄 로드샵 브러쉬로 유명한 이니스프리 만큼의 퀄리티였어요. 이니스프리 베이스 섀도우용 브러쉬와 비교한 결과입니다. 두개 다 너무 만족스러웠거든요. 
애굣살에 글리터 바를때 마다 뭉치는게 너무 싫었는데 적당히 탄성이 있어서 밀리지 않고 고르게 풀어주더라구요. 



:::::단점:::::

1. 브러쉬의 면적이 좁아요.
제품 상의 단점이 아닌 특징일 뿐인데, 올인원 브러쉬를 원하는 분들은 피해가셔야 해요! 적은 부위를 진하게 칠하기에 적합한 브러쉬입니다. 넓은 면적을 칠하고 싶으시면 베이스섀도우용 브러쉬를 구매해 주세요.

이것 말고는 딱히 없네요.. 완벽💖



:::::추천:::::

1. 애굣살용 브러쉬 찾고 계시는 분들
애굣살에 글리터 올리는 브러쉬, 애굣살 음영주는 브러쉬 모두 가능합니다. 특히 글리터는 입자하고 제형 상관 없이 모두 고르게 올려준다는 점이 너무 좋았어요. 아까도 말씀드렸지만 저는 리퀴드글리터 내장 브러쉬 양 옆으로 글리터가 뭉치는거 때문에 너무 스트레스받았는데 한방에 해결했습니다! 그리고 압축타입 글리터도 눈에 들어갈까봐 걱정하면서 약지로 발라야 했었는데 (실제로 몇번 들어가기도 했음...) 이 제품은 탄력이 있어서 슥슥 펴바르면 완전 영롱해져요! 

2. 아이라인, 삼각존 채우는 용도의 브러쉬를 찾고계시는 분들 
짙은 고동색 섀도우로 아이라인 그리고 남은 양으로 삼각존 채워주면 딱 자연스럽더라구요. 삼각존 삼각형으로 채워주는것도 어려웠는데 이 제품이 해결해줬습니다!</div>
</div>
</div>
</div>",8,2시간 전,조회 45,"[['넌나에게앵두나무꽃', '2시간 전', '1', '우왑.. 저도 이제품이 이리 유명한 줄은 몰랐어요 ㅠㅠㅠㅠㅠ!! 울 유저님이 강추하시니 저도 다이소 가면 꼭 사러 가겠습니닷!! 단점 보고 넒은 면적도 칠하고 싶으니 베이스 섀도우용도 꼭 같이 구매해야겠어요!! 품질도 좋은데 갓성비 도를 넘어 미쳤네요 ㅠㅠ😭👍👍 서유 님에게 영입 되어 다이소 가게 되면 이것부터 삽니닥 ㅋㅋㅋㅋㅋㅋㅋ 좋은 리뷰 잘 보구 가요!!'], ['seoU', '2시간 전', '1', '@넌나에게앵두나무꽃 이사배님이 추천하셔서 더더 믿음이 가는것 같아요ㅋㅋㅋㅋ 제 영업이 통했다니 기분이 좋네요:) 워낙에 저렴하기도 하니까 다이소 들리면 꼭꼭 구매해보셔요💖 베이스는 브러쉬 있음 좋긴 한데 손으로 발라도 나름 좋더라구요ㅎㅎ'], ['jaaehee', '2시간 전', '0', '이 브러쉬 정말 다른분들도 추천하는 아이템이던데 유저님도 추천하시는거 보니 사러가야겠단 마음이 커지는것같아요! 아이라인빼기도 좋구요!여러모로 쓰기좋아서 사고싶어지는구만유🥰리뷰 잘보고가요!!'], ['seoU', '2시간 전', '0', '@jaaehee 이거 진짜 완전완전 좋아요! 써보니 왜 많은분들이 추천하셨는지 알겠저라구요. 무엇보다 가격이 너무 착하니 속는셈치고 사보세요!'], ['핌플패치', '2시간 전', '0', '정말 꼼꼼하게 쓰셨네요...😮 리뷰 잘 보고 가요😘'], ['seoU', '2시간 전', '0', '@핌플패치 헙 꼼꼼하다니 감사해요💖'], ['p_ple', '1시간 전', '0', '다이소 제품중에 은근 가성비 좋은 것들이 많더라구요! 다음에 브러쉬 살 일 있으면 참고할께요! 리뷰 잘보고 갑니당😀']]","['https://d33ur1yh5ph6b5.cloudfront.net/35d4d576-d6c0-492e-8a98-4de266cd5bd7-thumbnail', 'https://d33ur1yh5ph6b5.cloudfront.net/8798d4ed-1d19-41a6-9b17-ffd33cc78960-thumbnail', 'https://d33ur1yh5ph6b5.cloudfront.net/9DFCF56E-F834-41A6-8387-0A1F1693F8A0-thumbnail', 'https://d33ur1yh5ph6b5.cloudfront.net/8798d4ed-1d19-41a6-9b17-ffd33cc78960-thumbnail', 'https://d33ur1yh5ph6b5.cloudfront.net/69ecbe0e-4fa3-4767-9ead-755093424ea0-thumbnail', 'https://d33ur1yh5ph6b5.cloudfront.net/8798d4ed-1d19-41a6-9b17-ffd33cc78960-thumbnail', 'https://d33ur1yh5ph6b5.cloudfront.net/b1e9220e-1c78-4783-9f54-16aa3f0144a8-thumbnail']","[['투쿨포스쿨', '아트클래스 살롱 드 아이즈 [1호 부티크진저]'], ['바이애콤(BY ECOM)', '밀키웨이 트리트먼트'], ['롬앤(rom&nd)', '베러 댄 아이즈 [01말린 망고튤립]'], ['쥬스 투 클렌즈', '워터 워시 밤'], ['바이애콤(BY ECOM)', '퓨어 카밍 앰플']]","['17', '8', '57', '10', '0', '17', '43', '98', '5.2k', '9', '0', '33', '33', '31', '3.7k']","['2020.04.25', '2020.04.24', '2020.04.19', '2020.04.18', '2020.04.08']","['4.0', '4.0', '5.0', '4.5', '5.0']","['https://d33ur1yh5ph6b5.cloudfront.net/a1889a8a-ca7c-4651-9278-7e1f204f86d0-thumbnail', 'https://d33ur1yh5ph6b5.cloudfront.net/fde91ea4-5803-4211-9bbe-096743352b53-thumbnail', 'https://d33ur1yh5ph6b5.cloudfront.net/04df841c-f984-470e-ae5e-63b0af841e38-thumbnail', 'https://d33ur1yh5ph6b5.cloudfront.net/0980a465-4a97-4348-bb7f-3ddd913cbedd-thumbnail', 'https://d33ur1yh5ph6b5.cloudfront.net/d1a36f54-603c-4785-ad1f-2d18fd3a640c-thumbnail']",https://d33ur1yh5ph6b5.cloudfront.net/8798d4ed-1d19-41a6-9b17-ffd33cc78960-thumbnail,seoU,지성,21호,"[' 29', ' 89', ' 1.6k']",https://d33ur1yh5ph6b5.cloudfront.net/d97eef71-ce1d-47fd-b3e1-57f9b9c9f3a9,서유:) •가을~봄웜 •21호 •인스타 @seou_527
https://d33ur1yh5ph6b5.cloudfront.net/ef21a0d5-a082-45bc-b026-8a13cce4113d-thumbnail,페리페라,슈가 글로우 틴트 [002 자몽스피릿],3.5,"<div class=""content"">
<div class=""resources"">
<div class=""resource"">
<figure class=""image"">
<img alt=""왼쪽이 02 자몽스피릿☺︎︎
오른쪽이 04 스윗앤샤워에요ఌ"" src=""https://d33ur1yh5ph6b5.cloudfront.net/2751a435-bedd-4f20-8257-970cd68d13de-mid""/>
</figure>
<div class=""description"">왼쪽이 02 자몽스피릿☺︎︎
오른쪽이 04 스윗앤샤워에요ఌ</div>
</div>
<div class=""resource"">
<figure class=""image"">
<img alt=""왼쪽이 02 자몽스피릿 발색입니다✌︎︎
오른쪽은 04 스윗앤샤워 발색이에요💕
틴트가 엄청 촉촉해서 각질이 많은 날에도 잠재워 줍니다
자몽스피릿은 봄브라이트 분들께 찰떡입니다
스윗앤샤워는 봄라이트 분들께 어울리는 청순한 립이에요"" src=""https://d33ur1yh5ph6b5.cloudfront.net/c7c63c29-11d7-4044-89e4-5b966916dad6-mid""/>
</figure>
<div class=""description"">왼쪽이 02 자몽스피릿 발색입니다✌︎︎
오른쪽은 04 스윗앤샤워 발색이에요💕
틴트가 엄청 촉촉해서 각질이 많은 날에도 잠재워 줍니다
자몽스피릿은 봄브라이트 분들께 찰떡입니다
스윗앤샤워는 봄라이트 분들께 어울리는 청순한 립이에요</div>
</div>
<div class=""resource"">
<figure class=""image"">
<img alt=""2개 제품외에 제가 좋아하는 촉촉립도 넣었어요
(불편하셨다면 죄송해요ㅠㅠ)"" src=""https://d33ur1yh5ph6b5.cloudfront.net/ce0c2aec-b22d-44ff-9cce-452dff462037-mid""/>
</figure>
<div class=""description"">2개 제품외에 제가 좋아하는 촉촉립도 넣었어요
(불편하셨다면 죄송해요ㅠㅠ)</div>
</div>
<div class=""resource"">
<div class=""text"">이번에 리뷰할 제품은 페리페라 슈가글로우 
02 자몽스피릿 04 스윗앤샤워 입니다
두 제품은 봄웜 분들이라면 꼭 소장하셔야 될 촉촉립이에요:)
각질이 많은 날에도 각질 없는것처럼 만들어주는 립이에요
게다가 광택도 오래유지됩니다♪♪💖
쪼금 단점이라면 냄새가 부루펜시럽? 같은 향이 나는데 향에 민감하신 분들은 신경이 쓰이실 수 있어요 하지만 크게 거슬리는 정도는 아니랍니다ఌ
3번째 사진은 저의 최애 촉촉립을 모아봤어요bb</div>
</div>
</div>
</div>",4,2시간 전,조회 27,[],[],[],[],[],[],[],https://d33ur1yh5ph6b5.cloudfront.net/08B9AA26-690D-42A4-A670-A8260125450D-thumbnail,너만봄멜론,복합성,21호,"[' 0', ' 2', ' 6']",https://d33ur1yh5ph6b5.cloudfront.net/d97eef71-ce1d-47fd-b3e1-57f9b9c9f3a9,입력하신 자기 소개글이 없습니다
https://d33ur1yh5ph6b5.cloudfront.net/aab7fc51-ea07-449d-83d2-adb9cfbd1fa7-thumbnail,페리페라,잉크 더 젤라또 [008 홍차를 우려또],4.0,"<div class=""content"">
<div class=""resources"">
<div class=""resource"">
<div class=""text"">- 안녕하세요, 케이입니다 :)

코로나 때문에 마스크 쓰고 나가야해서 가벼운 화장을 하기에 적절하다는 생각이 들었어요. 양조절은 조금 어려우실 수 있겠지만 저는 괜찮았습니다! 제가 발라본 벨벳틴트 중 제일 가벼웠고 입술이 편안했어요. 각질부각도 없는 편 입니다 :)

착색력은 약했습니다. 페리페라 특성상 그 특유의 냄새를 싫어하시는 분은 비추입니다 :(</div>
</div>
<div class=""resource"">
<figure class=""image"">
<img alt=""“ 디자인 “"" src=""https://d33ur1yh5ph6b5.cloudfront.net/3c7f03f1-38ff-4091-9072-5418b22205f5-mid""/>
</figure>
<div class=""description"">“ 디자인 “</div>
</div>
<div class=""resource"">
<figure class=""image"">
<img alt=""“ 발색 “"" src=""https://d33ur1yh5ph6b5.cloudfront.net/ba5bee69-2216-4a60-9c0d-1790887ff899-mid""/>
</figure>
<div class=""description"">“ 발색 “</div>
</div>
<div class=""resource"">
<figure class=""image"">
<img alt=""“ 착색 “"" src=""https://d33ur1yh5ph6b5.cloudfront.net/2c170696-b113-48e9-9ff0-a0827591fe1b-mid""/>
</figure>
<div class=""description"">“ 착색 “</div>
</div>
</div>
</div>",5,3시간 전,조회 34,[],[],"[['입생로랑', '따뚜아쥬 꾸뛰르 타투 틴트 [09 그러낫 노-룰즈]'], ['플린(Flynn)', '어딕션 벨벳 틴트 [206 딥브레스]']]","['6', '0', '42', '5', '1', '42']","['2시간 전', '3시간 전']","['4.0', '3.0']","['https://d33ur1yh5ph6b5.cloudfront.net/06cb778a-13b0-45db-8b9e-736d4b711724-thumbnail', 'https://d33ur1yh5ph6b5.cloudfront.net/46e8aa6d-8188-4aea-ac2f-e3a22ca366d6-thumbnail']",https://d33ur1yh5ph6b5.cloudfront.net/3A5CC3F9-8062-44CD-B840-5AD40AE4891B-thumbnail,케이ke,지성,23호,"[' 0', ' 3', ' 16']",https://d33ur1yh5ph6b5.cloudfront.net/d97eef71-ce1d-47fd-b3e1-57f9b9c9f3a9,입력하신 자기 소개글이 없습니다
https://d33ur1yh5ph6b5.cloudfront.net/78b497fb-b006-46f4-83fe-59670934fef2-thumbnail,피부미,센텔루션 크림,4.0,"<div class=""content"">
<div class=""resources"">
<div class=""resource"">
<div class=""text"">여드름 없어진다 해서 써봤눈데 끈적하지도 않고 괜찮더라고용 .. 지성이라 밤에 바으고 일어니면 개기름... 최악이지민 피부도 진정하는거 같고 부드러워져요 !!</div>
</div>
<div class=""resource"">
<figure class=""image"">
<img alt="""" src=""https://d33ur1yh5ph6b5.cloudfront.net/6d82b9a6-8a5d-4026-8463-90b12578bb3e-mid""/>
</figure>
<div class=""description""></div>
</div>
<div class=""resource"">
<figure class=""image"">
<img alt="""" src=""https://d33ur1yh5ph6b5.cloudfront.net/09fae55b-dab4-4360-a98c-1542909748c6-mid""/>
</figure>
<div class=""description""></div>
</div>
<div class=""resource"">
<figure class=""image"">
<img alt="""" src=""https://d33ur1yh5ph6b5.cloudfront.net/ef52ff22-204e-407d-8e71-b9eb5270abf5-mid""/>
</figure>
<div class=""description""></div>
</div>
</div>
</div>",3,3시간 전,조회 20,"[['한끼두끼세끼네끼볶음밥', '2시간 전', '0', '저도 이거 써보고 싶었는뎅,, 기름 많은건 안 좋아해서ㅠㅠㅠㅠ 안 사야 겠네요(˃̣̣̣̣︿˂̣̣̣̣ )'], ['정강이어택', '1시간 전', '0', '여드름 들어가는데 많이 도움이 되나용??']]","['https://d33ur1yh5ph6b5.cloudfront.net/D954CBF1-3721-425C-97DA-B8A66283FC82-thumbnail', 'default']",[],[],[],[],[],default,mj07,지성,21호,"[' 0', ' 1', ' 3']",https://d33ur1yh5ph6b5.cloudfront.net/d97eef71-ce1d-47fd-b3e1-57f9b9c9f3a9,입력하신 자기 소개글이 없습니다
https://d33ur1yh5ph6b5.cloudfront.net/4d436357-801e-47c7-b050-7b914bb0f7ee-thumbnail,라네즈,크림 스킨 미스트,5.0,"<div class=""content"">
<div class=""resources"">
<div class=""resource"">
<div class=""text""><span class=""unpa-tag hash"">#4월언파박스</span> <span class=""unpa-tag hash"">#라네즈</span> <span class=""unpa-tag hash"">#크림스킨미스트</span> <span class=""unpa-tag hash"">#고보습미스트</span> <span class=""unpa-tag hash"">#페이스엔젤링</span>

미스트만큼 간편하면서도 활용도 높은 아이템은 없는 것 같은데요, 저는 특히나 고보습이거나 고영양의 좀 무거운 제형의 미스트를 기초 대용으로 사용하는걸 좋아해요. 라네즈 크림 스킨 미스트는 성분도 착하고 보습효과도 좋아서 저에게는 기초로 사용하기 딱 좋은 제품이에요.</div>
</div>
<div class=""resource"">
<figure class=""image"">
<img src=""https://d33ur1yh5ph6b5.cloudfront.net/de5f64c6-15ad-47d6-a587-10c22eaad9dc-mid""/>
</figure>
</div>
<div class=""resource"">
<div class=""text"">깔끔한 박스와 용기</div>
</div>
<div class=""resource"">
<figure class=""image"">
<img src=""https://d33ur1yh5ph6b5.cloudfront.net/fdce806b-4b05-45bf-9e1b-579c91936672-mid""/>
</figure>
</div>
<div class=""resource"">
<div class=""text"">용량도 보통 스킨 용량 정도로 꽤 든든한 느낌입니다.</div>
</div>
<div class=""resource"">
<figure class=""image"">
<img src=""https://d33ur1yh5ph6b5.cloudfront.net/2e1d7b0e-c479-4dc9-a949-f58525cb7c6b-mid""/>
</figure>
</div>
<div class=""resource"">
<div class=""text"">우유에 물 탄 듯한 색감이구요, 영양감은 있는데 잘 흘러내리는 제형이에요. 미스트니까 ㅎㅎ</div>
</div>
<div class=""resource"">
<figure class=""image"">
<img src=""https://d33ur1yh5ph6b5.cloudfront.net/6bd8ef3d-4084-4382-ad15-e18ee8a29494-mid""/>
</figure>
</div>
<div class=""resource"">
<div class=""text"">분사가 정말 미세하고 고르게 됩니다. 카메라로 제대로 담을 수 없어 안타까울 뿐..ㅠㅜ</div>
</div>
<div class=""resource"">
<figure class=""image"">
<img src=""https://d33ur1yh5ph6b5.cloudfront.net/bc8be853-fc95-4b65-8881-b9e8913ba936-mid""/>
</figure>
</div>
<div class=""resource"">
<div class=""text"">얼굴에 분사하자마자 찍은 사진인데요, 코 주변에 좀더 수분기가 느껴지는 것 외에는 정말 고르게 분사되고, 정말 자극없이 내려앉는 느낌 입니다.</div>
</div>
<div class=""resource"">
<figure class=""image"">
<img src=""https://d33ur1yh5ph6b5.cloudfront.net/deeb4fea-e898-487f-a08f-4fc236be1477-mid""/>
</figure>
</div>
<div class=""resource"">
<div class=""text"">미스트 하나만 뿌렸을 뿐인데, 충분히 촉촉해진 느낌이에요. 제가 수부지라 그런지 가끔 기초를 여러단계 하면 과하단 느낌이 있어서 정말 기초를 가볍게 하고 싶은데, 사실 스킨하나로는 너무 건조하거든요. 그런데 그럴 때 이 미스트 하나면 딱 되는 그런 느낌이에요. 바쁘고 귀찮을때도 보습 걱정 없이 딱 하나 뿌리기만 하면 돼서 넘나 맘에 드는 제품입니다!</div>
</div>
</div>
<div class=""ad_warning"">
<span class=""title"">이 리뷰는 언니의 파우치를 통해 해당 브랜드에서<br/>제품 또는 서비스를 제공 받아 작성된 글입니다.</span>
</div>
</div>",3,3시간 전,조회 9,[],[],"[['언파 코스메틱', '차차 핸드크리너'], ['언파 코스메틱', '차차 츄어블 고체치약'], ['로라메르시에', '플로리스 뤼미에르 래디언스 퍼펙팅 쿠션 [1N1 크림]'], ['미샤', '래디언스 퍼펙트핏 파운데이션 [21호 바닐라]'], ['안나수이', '안나수이 립밤 E [401 챠밍 쥬시 플럼]']]","['3', '1', '17', '1', '0', '29', '26', '13', '4.3k', '33', '5', '2.3k', '6', '0', '42']","['2시간 전', '2시간 전', '2020.04.02', '2020.03.26', '2020.02.26']","['4.0', '4.5', '4.5', '4.5', '4.0']","['https://d33ur1yh5ph6b5.cloudfront.net/c2d79267-4bf1-4bc6-ad70-0efc67f2b688-thumbnail', 'https://d33ur1yh5ph6b5.cloudfront.net/f3b4569d-d841-4ec3-801a-a95f0eb9bacf-thumbnail', 'https://d33ur1yh5ph6b5.cloudfront.net/8a194a0c-27c3-493b-834f-3f132973fa53-thumbnail', 'https://d33ur1yh5ph6b5.cloudfront.net/7f04d7fd-cf4e-4471-b398-51025b0cfaae-thumbnail', 'https://d33ur1yh5ph6b5.cloudfront.net/c445b527-6bd0-490a-a1ce-b9bf764e3563-thumbnail']",https://d33ur1yh5ph6b5.cloudfront.net/47016e2d-ba8f-4a30-9888-5049301cb898-thumbnail,자몽망고타르트,중성,21호,"[' 22', ' 47', ' 419']",https://d33ur1yh5ph6b5.cloudfront.net/1179edf5-30ab-44ff-9d85-3843766961d7,입력하신 자기 소개글이 없습니다
